Q13. Voting in the most recent national election;Q9c. Freedom to choose who to vote for;Q12a. Elections ensure MPs reflect views of voters;Q12b. Elections ensure voters remove unrepresentative leaders;Q14a. Freeness and fairness of the last national election;Q14b. How likely powerful find out your vote;Q14c. Last national election: fear political intimidation or violence;Q19b. Elected officials follow voter demands vs follow own ideas;Q24. Choose leaders through elections vs other methods;Q23b-saf. Willing to give up regular elections;Urban or Rural Primary Sampling Unit;Q3. Overall direction of the country;Q4a. Country’s present economic condition;Q4b. Your present living conditions
I voted in the election;Not very free;Not at all well;Not at all well;Not free and fair;Don’t know;Somewhat;Agree very strongly with 2;Agree very strongly with 2;Very willing;Urban;Going in the wrong direction;Very bad;Very bad
I did not vote;Completely free;Not at all well;Not at all well;Not free and fair;Very likely;Not at all;Agree with neither;Agree very strongly with 1;Very willing;Urban;Going in the wrong direction;Very bad;Very bad
I did not vote;Completely free;Fairly well;Fairly well;Don’t know;Don’t know;Not at all;Agree very strongly with 2;Agree very strongly with 1;Very willing;Urban;Going in the wrong direction;Very bad;Fairly good
I voted in the election;Completely free;Not very well;Very well;Free and fair, with major problems;Somewhat likely;Somewhat;Agree very strongly with 1;Agree very strongly with 2;Very willing;Urban;Going in the wrong direction;Very bad;Very bad
I voted in the election;Not at all free;Not at all well;Don’t know;Free and fair, with major problems;Not at all likely;Not at all;Agree with 2;Agree with 1;Don’t know;Rural;Going in the right direction;Very bad;Very bad
I voted in the election;Completely free;Fairly well;Don’t know;Free and fair, but with minor problems;Not at all likely;Not at all;Agree with 1;Agree with 1;Very unwilling;Rural;Going in the wrong direction;Very bad;Fairly bad
I did not vote;Not very free;Not very well;Not very well;Not free and fair;Somewhat likely;A lot;Agree very strongly with 1;Agree very strongly with 1;Very willing;Rural;Going in the wrong direction;Fairly bad;Fairly bad
I voted in the election;Completely free;Not very well;Not at all well;Free and fair, but with minor problems;Somewhat likely;Somewhat;Agree very strongly with 2;Agree very strongly with 2;Unwilling;Rural;Going in the wrong direction;Very bad;Neither good nor bad
I voted in the election;Completely free;Not at all well;Not at all well;Completely free and fair;Not at all likely;A little bit;Agree very strongly with 1;Agree very strongly with 1;Very willing;Rural;Going in the wrong direction;Very bad;Neither good nor bad
I voted in the election;Completely free;Not very well;Not very well;Free and fair, with major problems;Somewhat likely;Not at all;Agree very strongly with 2;Agree with 2;Very unwilling;Rural;Going in the wrong direction;Very bad;Very bad
I voted in the election;Somewhat free;Not very well;Not very well;Completely free and fair;Not at all likely;Not at all;Agree very strongly with 2;Agree very strongly with 1;Willing;Rural;Going in the wrong direction;Very bad;Very bad
I did not vote;Completely free;Fairly well;Not very well;Don’t know;Very likely;Not at all;Agree very strongly with 2;Agree very strongly with 1;Unwilling;Urban;Going in the wrong direction;Very bad;Fairly good
I did not vote;Completely free;Don’t know;Not very well;Don’t know;Don’t know;Not at all;Agree very strongly with 2;Agree very strongly with 1;Willing;Urban;Going in the wrong direction;Fairly bad;Fairly bad
I voted in the election;Somewhat free;Not very well;Not at all well;Free and fair, but with minor problems;Somewhat likely;Not at all;Agree very strongly with 2;Agree very strongly with 1;Willing;Urban;Going in the wrong direction;Neither good nor bad;Fairly bad
I was too young to vote;Completely free;Don’t know;Don’t know;Don’t know;Not at all likely;Not at all;Agree very strongly with 1;Agree very strongly with 1;Very willing;Urban;Going in the right direction;Neither good nor bad;Neither good nor bad
I voted in the election;Completely free;Fairly well;Not very well;Completely free and fair;Not at all likely;Not at all;Agree very strongly with 1;Agree very strongly with 1;Unwilling;Rural;Going in the wrong direction;Very bad;Very bad
I did not vote;Not very free;Not at all well;Not at all well;Not free and fair;Very likely;A little bit;Agree with 1;Agree very strongly with 1;Very willing;Urban;Going in the wrong direction;Very bad;Very bad
I voted in the election;Completely free;Fairly well;Fairly well;Completely free and fair;Not at all likely;Not at all;Agree with 2;Agree with 1;Very unwilling;Urban;Going in the wrong direction;Very bad;Very bad
I voted in the election;Completely free;Don’t know;Not very well;Free and fair, but with minor problems;Not very likely;Somewhat;Agree very strongly with 2;Agree very strongly with 2;Don’t know;Urban;Going in the wrong direction;Fairly bad;Neither good nor bad
I voted in the election;Completely free;Very well;Very well;Do not understand question;Not very likely;Not at all;Agree very strongly with 2;Agree very strongly with 2;Very willing;Urban;Going in the wrong direction;Very bad;Very bad
I voted in the election;Not very free;Not at all well;Not at all well;Free and fair, but with minor problems;Very likely;A lot;Agree very strongly with 2;Agree very strongly with 2;Very willing;Urban;Going in the wrong direction;Fairly bad;Fairly bad
I voted in the election;Completely free;Not at all well;Not very well;Not free and fair;Not at all likely;Not at all;Agree very strongly with 1;Agree very strongly with 1;Willing;Urban;Going in the wrong direction;Very bad;Fairly bad
I voted in the election;Completely free;Don’t know;Don’t know;Completely free and fair;Don’t know;Somewhat;Agree very strongly with 2;Agree very strongly with 1;Very willing;Urban;Going in the wrong direction;Very bad;Very bad
I did not vote;Completely free;Not very well;Fairly well;Completely free and fair;Very likely;Not at all;Agree very strongly with 2;Agree very strongly with 1;Very willing;Urban;Going in the wrong direction;Very bad;Fairly bad
I did not vote;Not very free;Don’t know;Not very well;Don’t know;Not very likely;A lot;Agree very strongly with 2;Agree very strongly with 2;Very unwilling;Urban;Going in the right direction;Fairly good;Fairly good
I voted in the election;Completely free;Fairly well;Fairly well;Completely free and fair;Not at all likely;Somewhat;Agree very strongly with 2;Agree very strongly with 2;Don’t know;Urban;Going in the wrong direction;Very bad;Fairly good
I voted in the election;Completely free;Fairly well;Not very well;Free and fair, but with minor problems;Somewhat likely;A little bit;Agree very strongly with 2;Agree very strongly with 1;Willing;Urban;Going in the right direction;Fairly good;Fairly bad
I did not vote;Not very free;Very well;Very well;Not free and fair;Very likely;A lot;Agree very strongly with 1;Agree with 1;Very willing;Urban;Going in the wrong direction;Very bad;Very bad
I voted in the election;Somewhat free;Not at all well;Not at all well;Completely free and fair;Somewhat likely;A little bit;Agree very strongly with 1;Agree very strongly with 1;Willing;Urban;Going in the wrong direction;Very bad;Fairly bad
I did not vote;Completely free;Not very well;Not very well;Free and fair, with major problems;Not at all likely;Not at all;Agree with 1;Agree very strongly with 1;Willing;Urban;Going in the wrong direction;Fairly good;Fairly good
I voted in the election;Completely free;Not at all well;Not at all well;Completely free and fair;Not at all likely;Not at all;Agree very strongly with 1;Agree very strongly with 1;Very unwilling;Urban;Going in the wrong direction;Very bad;Fairly bad
I voted in the election;Completely free;Not at all well;Not at all well;Not free and fair;Somewhat likely;Not at all;Agree very strongly with 2;Agree very strongly with 2;Refused;Urban;Going in the wrong direction;Very bad;Fairly bad
I voted in the election;Completely free;Fairly well;Not at all well;Completely free and fair;Not at all likely;Not at all;Agree very strongly with 1;Agree very strongly with 2;Very willing;Rural;Going in the wrong direction;Very bad;Neither good nor bad
I did not vote;Completely free;Very well;Not very well;Don’t know;Not very likely;Not at all;Agree with 2;Agree with 1;Unwilling;Rural;Going in the wrong direction;Very bad;Neither good nor bad
I did not vote;Completely free;Not very well;Not at all well;Free and fair, but with minor problems;Not at all likely;Not at all;Agree very strongly with 1;Agree very strongly with 1;Very willing;Rural;Going in the right direction;Fairly bad;Fairly bad
I voted in the election;Completely free;Very well;Very well;Completely free and fair;Very likely;Not at all;Agree with 1;Agree very strongly with 2;Very willing;Rural;Going in the wrong direction;Very bad;Very bad
I voted in the election;Completely free;Don’t know;Don’t know;Not free and fair;Don’t know;A lot;Agree with 2;Agree with 2;Very willing;Urban;Going in the right direction;Very bad;Very bad
I did not vote;Somewhat free;Fairly well;Fairly well;Free and fair, with major problems;Very likely;A lot;Agree very strongly with 2;Agree very strongly with 1;Willing;Urban;Going in the right direction;Fairly bad;Fairly good
I voted in the election;Completely free;Not very well;Not very well;Free and fair, with major problems;Somewhat likely;Not at all;Agree very strongly with 2;Agree very strongly with 1;Very willing;Urban;Going in the wrong direction;Very bad;Fairly good
I voted in the election;Completely free;Fairly well;Fairly well;Free and fair, but with minor problems;Not at all likely;Not at all;Agree very strongly with 2;Agree very strongly with 2;Very willing;Urban;Going in the wrong direction;Very bad;Fairly bad
I voted in the election;Completely free;Not at all well;Very well;Free and fair, with major problems;Don’t know;Somewhat;Agree very strongly with 2;Agree very strongly with 1;Very willing;Urban;Going in the wrong direction;Fairly bad;Fairly bad
I was too young to vote;Not very free;Fairly well;Very well;Completely free and fair;Somewhat likely;Don’t know;Agree with 2;Agree very strongly with 2;Willing;Urban;Going in the wrong direction;Fairly bad;Fairly good
I voted in the election;Completely free;Not at all well;Not at all well;Not free and fair;Not at all likely;Not at all;Agree very strongly with 1;Agree very strongly with 2;Willing;Urban;Going in the wrong direction;Very bad;Very good
I did not vote;Not at all free;Not at all well;Not at all well;Not free and fair;Very likely;Not at all;Agree very strongly with 1;Agree very strongly with 1;Very unwilling;Urban;Going in the wrong direction;Very bad;Very bad
I voted in the election;Completely free;Not very well;Not at all well;Free and fair, with major problems;Not very likely;A lot;Agree very strongly with 2;Agree very strongly with 1;Very willing;Urban;Don't know;Very bad;Neither good nor bad
I voted in the election;Completely free;Not at all well;Very well;Not free and fair;Not at all likely;Not at all;Agree very strongly with 2;Agree very strongly with 2;Very willing;Urban;Going in the wrong direction;Fairly bad;Fairly bad
I voted in the election;Completely free;Fairly well;Fairly well;Free and fair, but with minor problems;Not very likely;Not at all;Agree very strongly with 1;Agree very strongly with 1;Unwilling;Urban;Going in the right direction;Very good;Fairly good
I did not vote;Don’t know;Not at all well;Not at all well;Don’t know;Not at all likely;A little bit;Agree with 2;Agree very strongly with 2;Very willing;Urban;Going in the wrong direction;Very bad;Very bad
I did not vote;Not very free;Not very well;Not very well;Free and fair, with major problems;Very likely;Not at all;Agree very strongly with 1;Agree very strongly with 1;Very willing;Urban;Going in the right direction;Very bad;Fairly bad
I voted in the election;Somewhat free;Fairly well;Not very well;Free and fair, but with minor problems;Somewhat likely;Not at all;Agree very strongly with 1;Agree very strongly with 1;Unwilling;Urban;Going in the wrong direction;Fairly good;Very bad
I voted in the election;Completely free;Don’t know;Fairly well;Free and fair, with major problems;Very likely;A lot;Agree with 2;Agree very strongly with 2;Very willing;Urban;Going in the wrong direction;Fairly bad;Fairly good
I voted in the election;Completely free;Not very well;Very well;Free and fair, with major problems;Not at all likely;A little bit;Agree with 2;Agree very strongly with 1;Willing;Urban;Going in the wrong direction;Fairly good;Very good
I voted in the election;Completely free;Fairly well;Fairly well;Completely free and fair;Not at all likely;Not at all;Agree with 1;Agree with 2;Willing;Urban;Going in the right direction;Fairly bad;Fairly good
I voted in the election;Not at all free;Not at all well;Not at all well;Free and fair, but with minor problems;Somewhat likely;A little bit;Agree very strongly with 1;Agree very strongly with 1;Unwilling;Urban;Going in the wrong direction;Very bad;Very good
Refused;Completely free;Very well;Fairly well;Don’t know;Don’t know;Not at all;Agree very strongly with 1;Agree very strongly with 2;Very willing;Urban;Don't know;Fairly good;Very good
I voted in the election;Completely free;Not very well;Very well;Free and fair, with major problems;Not very likely;Not at all;Agree very strongly with 2;Agree very strongly with 2;Very willing;Urban;Going in the right direction;Very bad;Very good
I did not vote;Somewhat free;Not at all well;Fairly well;Completely free and fair;Not at all likely;Not at all;Agree very strongly with 2;Agree very strongly with 2;Unwilling;Urban;Going in the wrong direction;Neither good nor bad;Fairly good
I did not vote;Not at all free;Not at all well;Very well;Not free and fair;Not at all likely;Not at all;Agree very strongly with 2;Agree very strongly with 1;Very willing;Urban;Going in the wrong direction;Very bad;Very bad
I did not vote;Somewhat free;Not very well;Not very well;Free and fair, with major problems;Very likely;A lot;Agree very strongly with 2;Agree very strongly with 2;Willing;Urban;Going in the wrong direction;Fairly bad;Fairly good
I voted in the election;Completely free;Very well;Fairly well;Free and fair, but with minor problems;Not at all likely;Not at all;Agree with 1;Agree very strongly with 1;Very unwilling;Rural;Going in the wrong direction;Very bad;Fairly bad
I voted in the election;Completely free;Not very well;Not at all well;Completely free and fair;Somewhat likely;Not at all;Agree very strongly with 1;Agree very strongly with 1;Very willing;Urban;Going in the wrong direction;Fairly bad;Fairly good
I voted in the election;Somewhat free;Fairly well;Not very well;Free and fair, but with minor problems;Somewhat likely;Not at all;Agree with 1;Agree with 1;Willing;Urban;Going in the wrong direction;Fairly good;Fairly good
I voted in the election;Completely free;Not very well;Not very well;Free and fair, with major problems;Not at all likely;Not at all;Agree very strongly with 1;Agree very strongly with 1;Willing;Urban;Going in the wrong direction;Fairly bad;Fairly good
I did not vote;Completely free;Not very well;Not at all well;Free and fair, with major problems;Not very likely;A little bit;Agree with neither;Agree with 2;Willing;Urban;Going in the wrong direction;Neither good nor bad;Fairly good
I voted in the election;Somewhat free;Not very well;Not at all well;Free and fair, but with minor problems;Very likely;A little bit;Agree very strongly with 1;Agree very strongly with 1;Unwilling;Urban;Going in the wrong direction;Neither good nor bad;Fairly bad
I voted in the election;Not at all free;Not at all well;Not at all well;Free and fair, with major problems;Very likely;Not at all;Agree very strongly with 1;Agree with 2;Very willing;Rural;Going in the wrong direction;Very bad;Neither good nor bad
I voted in the election;Completely free;Not at all well;Not at all well;Free and fair, with major problems;Not at all likely;Not at all;Agree with 2;Agree very strongly with 2;Refused;Rural;Going in the wrong direction;Very bad;Very bad
I voted in the election;Completely free;Not very well;Not very well;Not free and fair;Not at all likely;Not at all;Agree very strongly with 1;Agree very strongly with 2;Very willing;Rural;Don't know;Very good;Very bad
I did not vote;Somewhat free;Not very well;Not very well;Free and fair, with major problems;Very likely;A lot;Agree with 1;Agree with 1;Very willing;Rural;Going in the wrong direction;Fairly good;Fairly bad
I did not vote;Somewhat free;Not at all well;Not very well;Free and fair, with major problems;Somewhat likely;A little bit;Agree very strongly with 2;Agree very strongly with 1;Very willing;Rural;Going in the wrong direction;Fairly bad;Fairly bad
I did not vote;Completely free;Not very well;Don’t know;Free and fair, with major problems;Not at all likely;Not at all;Agree very strongly with 1;Agree very strongly with 1;Willing;Rural;Don't know;Fairly good;Fairly good
I was too young to vote;Completely free;Don’t know;Don’t know;Don’t know;Don’t know;Don’t know;Agree very strongly with 1;Agree very strongly with 1;Willing;Rural;Going in the wrong direction;Don't know;Fairly good
I did not vote;Not at all free;Not very well;Fairly well;Completely free and fair;Very likely;A little bit;Agree with 1;Agree with 2;Very willing;Urban;Going in the wrong direction;Neither good nor bad;Neither good nor bad
I voted in the election;Completely free;Don’t know;Don’t know;Completely free and fair;Not at all likely;Not at all;Agree very strongly with 2;Agree very strongly with 2;Very willing;Urban;Going in the right direction;Fairly bad;Fairly good
I did not vote;Not very free;Not very well;Not at all well;Completely free and fair;Not at all likely;Not at all;Agree with 2;Agree with 2;Don’t know;Urban;Going in the wrong direction;Fairly bad;Neither good nor bad
I did not vote;Completely free;Not very well;Not at all well;Free and fair, but with minor problems;Somewhat likely;A little bit;Agree with 1;Agree very strongly with 1;Unwilling;Urban;Going in the wrong direction;Fairly bad;Fairly good
I voted in the election;Completely free;Not at all well;Not at all well;Free and fair, with major problems;Not at all likely;Not at all;Agree with 1;Agree very strongly with 2;Very willing;Urban;Going in the wrong direction;Very bad;Fairly good
I did not vote;Completely free;Not at all well;Not at all well;Not free and fair;Don’t know;Somewhat;Don't know;Agree with neither;Refused;Urban;Going in the wrong direction;Very bad;Very good
I did not vote;Not at all free;Not at all well;Not at all well;Don’t know;Very likely;Somewhat;Agree with 1;Agree with 1;Don’t know;Urban;Going in the wrong direction;Very bad;Neither good nor bad
I voted in the election;Completely free;Not at all well;Not at all well;Free and fair, with major problems;Don’t know;Somewhat;Agree very strongly with 2;Agree very strongly with 2;Very willing;Urban;Going in the wrong direction;Fairly bad;Fairly good
I voted in the election;Completely free;Not very well;Not very well;Completely free and fair;Somewhat likely;Somewhat;Agree very strongly with 1;Agree very strongly with 2;Very willing;Rural;Going in the wrong direction;Very bad;Fairly good
I did not vote;Completely free;Don’t know;Not very well;Don’t know;Don’t know;Somewhat;Agree very strongly with 2;Agree with 2;Willing;Rural;Going in the wrong direction;Very bad;Very bad
I voted in the election;Completely free;Not very well;Not at all well;Completely free and fair;Somewhat likely;Not at all;Agree very strongly with 2;Agree very strongly with 1;Willing;Rural;Going in the wrong direction;Very good;Neither good nor bad
I voted in the election;Not very free;Not very well;Not at all well;Free and fair, with major problems;Somewhat likely;A little bit;Agree very strongly with 2;Agree with 1;Very willing;Rural;Going in the wrong direction;Very bad;Very bad
I did not vote;Completely free;Not very well;Not very well;Free and fair, with major problems;Very likely;Not at all;Agree very strongly with 1;Agree very strongly with 1;Very willing;Urban;Going in the wrong direction;Very bad;Very bad
I did not vote;Somewhat free;Fairly well;Not very well;Free and fair, with major problems;Somewhat likely;Not at all;Agree with 2;Agree with 2;Very willing;Urban;Going in the wrong direction;Fairly bad;Fairly bad
I did not vote;Not very free;Not very well;Not at all well;Not free and fair;Not very likely;A little bit;Agree very strongly with 1;Agree with 1;Very unwilling;Urban;Going in the wrong direction;Neither good nor bad;Neither good nor bad
I voted in the election;Completely free;Not very well;Not very well;Completely free and fair;Not at all likely;Not at all;Agree very strongly with 1;Agree with 1;Very willing;Urban;Going in the wrong direction;Very bad;Very bad
I did not vote;Somewhat free;Not at all well;Not at all well;Don’t know;Very likely;Not at all;Agree with 1;Agree with 2;Don’t know;Urban;Going in the wrong direction;Very bad;Neither good nor bad
I did not vote;Somewhat free;Not at all well;Fairly well;Don’t know;Very likely;Not at all;Agree very strongly with 1;Agree very strongly with 1;Very unwilling;Urban;Going in the wrong direction;Very bad;Very bad
I voted in the election;Completely free;Not very well;Not very well;Free and fair, but with minor problems;Not very likely;Not at all;Agree very strongly with 2;Agree with 1;Very willing;Urban;Going in the wrong direction;Very bad;Very bad
I voted in the election;Completely free;Don’t know;Very well;Free and fair, with major problems;Not at all likely;Not at all;Agree very strongly with 1;Agree very strongly with 1;Very willing;Urban;Going in the wrong direction;Very bad;Fairly good
I voted in the election;Completely free;Don’t know;Don’t know;Completely free and fair;Not at all likely;Not at all;Agree very strongly with 1;Agree with 1;Very willing;Urban;Going in the right direction;Fairly good;Very good
I was too young to vote;Completely free;Fairly well;Very well;Completely free and fair;Somewhat likely;Not at all;Agree very strongly with 1;Agree very strongly with 1;Very willing;Rural;Going in the right direction;Fairly good;Fairly good
I voted in the election;Completely free;Not at all well;Not at all well;Free and fair, but with minor problems;Somewhat likely;Not at all;Agree with 2;Agree very strongly with 1;Very willing;Rural;Going in the right direction;Neither good nor bad;Fairly good
I voted in the election;Completely free;Fairly well;Not very well;Free and fair, but with minor problems;Somewhat likely;Not at all;Agree very strongly with 1;Agree with 1;Willing;Urban;Going in the wrong direction;Fairly good;Very good
I voted in the election;Somewhat free;Don’t know;Don’t know;Completely free and fair;Not at all likely;Not at all;Agree very strongly with 2;Agree very strongly with 1;Very unwilling;Rural;Don't know;Neither good nor bad;Fairly good
I did not vote;Completely free;Don’t know;Not at all well;Don’t know;Somewhat likely;Somewhat;Agree very strongly with 2;Agree with 2;Willing;Rural;Going in the right direction;Fairly good;Fairly good
I did not vote;Somewhat free;Not very well;Not at all well;Free and fair, with major problems;Not at all likely;Not at all;Agree with 2;Agree with 2;Very unwilling;Urban;Going in the right direction;Neither good nor bad;Very good
I voted in the election;Somewhat free;Not very well;Not at all well;Free and fair, with major problems;Not at all likely;A little bit;Agree with 1;Agree very strongly with 1;Don’t know;Urban;Going in the wrong direction;Fairly bad;Fairly bad
I did not vote;Completely free;Fairly well;Not very well;Free and fair, with major problems;Somewhat likely;A little bit;Agree with 1;Agree very strongly with 1;Unwilling;Rural;Going in the right direction;Very bad;Very bad
I voted in the election;Not at all free;Not very well;Not at all well;Free and fair, but with minor problems;Somewhat likely;A lot;Agree very strongly with 2;Agree very strongly with 2;Very willing;Rural;Going in the wrong direction;Very bad;Very bad
I did not vote;Completely free;Don’t know;Fairly well;Don’t know;Don’t know;A lot;Agree very strongly with 2;Agree very strongly with 1;Very willing;Rural;Going in the wrong direction;Very bad;Very bad
I did not vote;Completely free;Not very well;Fairly well;Not free and fair;Not at all likely;Not at all;Agree very strongly with 2;Agree very strongly with 1;Willing;Rural;Going in the right direction;Fairly bad;Very bad
I voted in the election;Completely free;Not at all well;Not at all well;Completely free and fair;Very likely;Not at all;Agree very strongly with 1;Agree very strongly with 1;Very willing;Urban;Going in the wrong direction;Very bad;Fairly good
I voted in the election;Somewhat free;Not at all well;Fairly well;Free and fair, but with minor problems;Not at all likely;Not at all;Agree very strongly with 1;Agree with 1;Willing;Urban;Going in the wrong direction;Fairly bad;Very bad
I did not vote;Completely free;Don’t know;Don’t know;Don’t know;Don’t know;Somewhat;Agree very strongly with 2;Agree with 1;Very willing;Urban;Don't know;Don't know;Very bad
I voted in the election;Somewhat free;Fairly well;Not very well;Free and fair, but with minor problems;Somewhat likely;Not at all;Agree with 1;Agree with 1;Willing;Urban;Going in the wrong direction;Very good;Very good
I voted in the election;Completely free;Not very well;Not very well;Completely free and fair;Not at all likely;Not at all;Agree very strongly with 2;Agree very strongly with 2;Very willing;Urban;Going in the wrong direction;Very bad;Very bad
I voted in the election;Completely free;Not very well;Not very well;Free and fair, but with minor problems;Somewhat likely;A little bit;Agree with 1;Agree with 1;Willing;Urban;Going in the wrong direction;Fairly bad;Fairly good
I did not vote;Somewhat free;Not very well;Not very well;Don’t know;Don’t know;Don’t know;Agree very strongly with 1;Agree very strongly with 1;Very willing;Urban;Going in the wrong direction;Very bad;Neither good nor bad
I voted in the election;Completely free;Not at all well;Not at all well;Free and fair, with major problems;Very likely;Not at all;Agree very strongly with 1;Agree very strongly with 1;Willing;Urban;Going in the wrong direction;Very bad;Neither good nor bad
I voted in the election;Completely free;Very well;Not very well;Completely free and fair;Not at all likely;Not at all;Agree very strongly with 2;Agree very strongly with 1;Very willing;Urban;Going in the right direction;Fairly good;Fairly good
I voted in the election;Completely free;Not at all well;Not at all well;Free and fair, but with minor problems;Very likely;Not at all;Agree very strongly with 1;Agree very strongly with 2;Very willing;Urban;Going in the wrong direction;Very bad;Very bad
I voted in the election;Completely free;Not at all well;Don’t know;Free and fair, with major problems;Don’t know;Not at all;Agree with 2;Agree with 2;Very willing;Urban;Going in the wrong direction;Fairly bad;Fairly bad
I did not vote;Completely free;Not very well;Very well;Not free and fair;Not at all likely;Not at all;Agree very strongly with 1;Agree very strongly with 1;Willing;Urban;Going in the wrong direction;Fairly good;Neither good nor bad
I voted in the election;Completely free;Not very well;Not very well;Completely free and fair;Very likely;Not at all;Agree very strongly with 2;Agree very strongly with 1;Very willing;Rural;Going in the wrong direction;Fairly bad;Fairly bad
I was too young to vote;Completely free;Fairly well;Fairly well;Completely free and fair;Not at all likely;Not at all;Agree very strongly with 2;Agree very strongly with 1;Very unwilling;Rural;Going in the wrong direction;Very bad;Very bad
I did not vote;Completely free;Not very well;Not at all well;Free and fair, with major problems;Very likely;A little bit;Agree very strongly with 2;Agree very strongly with 1;Willing;Rural;Going in the wrong direction;Very bad;Fairly bad
I voted in the election;Somewhat free;Very well;Very well;Free and fair, with major problems;Not at all likely;Not at all;Agree very strongly with 2;Agree with 1;Very willing;Rural;Going in the wrong direction;Very bad;Very bad
I did not vote;Completely free;Don’t know;Not at all well;Don’t know;Not at all likely;Not at all;Agree very strongly with 1;Agree very strongly with 2;Very willing;Urban;Going in the wrong direction;Very bad;Very bad
I voted in the election;Somewhat free;Not very well;Not very well;Free and fair, but with minor problems;Not at all likely;Not at all;Agree very strongly with 2;Agree very strongly with 1;Very willing;Urban;Going in the wrong direction;Very good;Fairly good
I voted in the election;Completely free;Not at all well;Not very well;Free and fair, but with minor problems;Somewhat likely;A little bit;Agree very strongly with 1;Agree very strongly with 1;Willing;Urban;Going in the wrong direction;Fairly bad;Fairly good
I did not vote;Completely free;Not at all well;Don’t know;Free and fair, with major problems;Not at all likely;Not at all;Agree very strongly with 1;Agree very strongly with 1;Very willing;Rural;Going in the wrong direction;Very bad;Very good
I voted in the election;Somewhat free;Not very well;Not very well;Completely free and fair;Not at all likely;A lot;Agree very strongly with 1;Agree very strongly with 1;Unwilling;Urban;Going in the wrong direction;Fairly bad;Neither good nor bad
I did not vote;Completely free;Not at all well;Not at all well;Not free and fair;Don’t know;Not at all;Agree very strongly with 1;Agree very strongly with 2;Very willing;Rural;Going in the wrong direction;Very bad;Fairly good
I voted in the election;Completely free;Very well;Fairly well;Completely free and fair;Not at all likely;Not at all;Agree very strongly with 2;Agree with 1;Very unwilling;Rural;Going in the right direction;Fairly good;Fairly bad
I voted in the election;Completely free;Don’t know;Don’t know;Don’t know;Not at all likely;Not at all;Agree very strongly with 1;Agree very strongly with 1;Very unwilling;Rural;Going in the wrong direction;Fairly good;Very good
I was too young to vote;Don’t know;Fairly well;Not very well;Don’t know;Somewhat likely;Don’t know;Agree very strongly with 2;Agree very strongly with 2;Very unwilling;Urban;Going in the right direction;Fairly good;Fairly good
I did not vote;Completely free;Fairly well;Not very well;Free and fair, but with minor problems;Somewhat likely;Not at all;Agree very strongly with 2;Agree with 1;Very willing;Urban;Going in the wrong direction;Fairly bad;Fairly good
I voted in the election;Completely free;Not very well;Not very well;Completely free and fair;Very likely;A little bit;Agree very strongly with 2;Agree very strongly with 2;Very willing;Urban;Going in the wrong direction;Very bad;Very bad
I voted in the election;Completely free;Not very well;Fairly well;Free and fair, but with minor problems;Not at all likely;Not at all;Agree very strongly with 2;Agree very strongly with 1;Very willing;Urban;Going in the wrong direction;Very bad;Neither good nor bad
I voted in the election;Completely free;Not at all well;Not very well;Completely free and fair;Very likely;Not at all;Agree very strongly with 1;Agree very strongly with 2;Very willing;Urban;Going in the wrong direction;Neither good nor bad;Very bad
I voted in the election;Somewhat free;Not very well;Not very well;Free and fair, with major problems;Somewhat likely;A little bit;Agree very strongly with 2;Agree very strongly with 1;Don’t know;Urban;Going in the wrong direction;Very bad;Fairly bad
I voted in the election;Not very free;Fairly well;Fairly well;Free and fair, with major problems;Very likely;A lot;Agree very strongly with 2;Agree very strongly with 2;Willing;Urban;Going in the wrong direction;Very bad;Very bad
I did not vote;Not at all free;Not at all well;Not at all well;Not free and fair;Don’t know;A little bit;Agree with 1;Agree very strongly with 1;Unwilling;Urban;Going in the wrong direction;Very bad;Very bad
I voted in the election;Completely free;Not very well;Not at all well;Free and fair, but with minor problems;Very likely;Somewhat;Agree very strongly with 1;Agree very strongly with 2;Very willing;Rural;Going in the wrong direction;Very bad;Very bad
I did not vote;Completely free;Fairly well;Very well;Not free and fair;Not at all likely;Not at all;Agree very strongly with 1;Agree with 1;Willing;Rural;Going in the wrong direction;Fairly good;Very bad
I voted in the election;Not at all free;Don’t know;Don’t know;Free and fair, but with minor problems;Not at all likely;Somewhat;Agree very strongly with 2;Agree very strongly with 1;Very unwilling;Rural;Going in the wrong direction;Very bad;Fairly bad
I voted in the election;Completely free;Not at all well;Not at all well;Free and fair, with major problems;Somewhat likely;Not at all;Don't know;Agree with 1;Very willing;Rural;Going in the wrong direction;Very bad;Very bad
I voted in the election;Somewhat free;Not very well;Not very well;Completely free and fair;Not at all likely;Somewhat;Agree with 2;Agree with 1;Unwilling;Urban;Going in the wrong direction;Very bad;Neither good nor bad
I did not vote;Not very free;Not at all well;Not very well;Don’t know;Not very likely;Don’t know;Agree very strongly with 2;Agree with 2;Don’t know;Urban;Going in the wrong direction;Neither good nor bad;Fairly good
I voted in the election;Somewhat free;Not very well;Not at all well;Free and fair, but with minor problems;Somewhat likely;A little bit;Agree very strongly with 1;Agree very strongly with 1;Willing;Urban;Going in the wrong direction;Fairly bad;Fairly bad
I voted in the election;Completely free;Not very well;Not at all well;Free and fair, with major problems;Not very likely;Not at all;Agree with 1;Agree very strongly with 1;Very willing;Urban;Going in the wrong direction;Very bad;Fairly bad
I was too young to vote;Don’t know;Don’t know;Not very well;Completely free and fair;Not very likely;Don’t know;Agree very strongly with 2;Agree very strongly with 1;Very unwilling;Rural;Going in the right direction;Fairly bad;Fairly bad
I did not vote;Completely free;Don’t know;Don’t know;Free and fair, with major problems;Very likely;Not at all;Agree very strongly with 2;Agree with 1;Very willing;Rural;Going in the right direction;Fairly bad;Fairly bad
I did not vote;Completely free;Not very well;Not very well;Free and fair, with major problems;Very likely;Not at all;Agree very strongly with 2;Agree very strongly with 2;Very willing;Rural;Going in the wrong direction;Very good;Very good
I voted in the election;Completely free;Not at all well;Not very well;Free and fair, with major problems;Not at all likely;Not at all;Agree very strongly with 2;Agree with 1;Willing;Rural;Going in the wrong direction;Fairly bad;Very bad
I did not vote;Not very free;Not very well;Not at all well;Free and fair, but with minor problems;Somewhat likely;Somewhat;Agree very strongly with 2;Agree very strongly with 1;Willing;Rural;Going in the wrong direction;Fairly bad;Fairly bad
I voted in the election;Somewhat free;Not at all well;Not at all well;Free and fair, with major problems;Don’t know;Somewhat;Agree with 2;Agree with 2;Very willing;Rural;Going in the wrong direction;Very bad;Very bad
I voted in the election;Completely free;Very well;Don’t know;Completely free and fair;Not at all likely;Not at all;Agree very strongly with 2;Agree very strongly with 1;Very willing;Rural;Going in the wrong direction;Neither good nor bad;Neither good nor bad
I voted in the election;Completely free;Fairly well;Fairly well;Free and fair, but with minor problems;Not at all likely;Not at all;Agree very strongly with 2;Agree very strongly with 2;Unwilling;Rural;Going in the wrong direction;Fairly bad;Very bad
I was too young to vote;Somewhat free;Fairly well;Fairly well;Free and fair, with major problems;Somewhat likely;Don’t know;Agree very strongly with 2;Agree very strongly with 1;Very willing;Rural;Going in the right direction;Fairly good;Fairly good
I did not vote;Somewhat free;Not very well;Very well;Free and fair, with major problems;Not at all likely;Not at all;Agree very strongly with 2;Agree with 1;Willing;Rural;Going in the wrong direction;Very bad;Fairly bad
I voted in the election;Completely free;Not very well;Not very well;Free and fair, with major problems;Very likely;Not at all;Agree very strongly with 2;Agree very strongly with 1;Very willing;Rural;Going in the wrong direction;Very good;Very good
I voted in the election;Completely free;Fairly well;Not at all well;Free and fair, but with minor problems;Very likely;Not at all;Agree very strongly with 2;Agree very strongly with 2;Very willing;Rural;Going in the wrong direction;Very bad;Very bad
I did not vote;Completely free;Fairly well;Don’t know;Don’t know;Not at all likely;Refused;Agree very strongly with 1;Agree with 2;Don’t know;Urban;Don't know;Fairly good;Very good
I voted in the election;Completely free;Fairly well;Not very well;Completely free and fair;Somewhat likely;A little bit;Agree very strongly with 1;Agree very strongly with 1;Unwilling;Urban;Going in the right direction;Fairly good;Fairly good
I voted in the election;Completely free;Not very well;Not at all well;Free and fair, with major problems;Not at all likely;Not at all;Agree very strongly with 1;Agree very strongly with 1;Don’t know;Urban;Going in the wrong direction;Very bad;Very bad
I did not vote;Completely free;Not at all well;Fairly well;Don’t know;Don’t know;Not at all;Agree with 1;Agree with 2;Don’t know;Urban;Going in the wrong direction;Very bad;Neither good nor bad
I did not vote;Somewhat free;Not very well;Not at all well;Free and fair, with major problems;Not very likely;A little bit;Agree very strongly with 1;Agree very strongly with 1;Willing;Urban;Going in the wrong direction;Fairly bad;Fairly bad
I voted in the election;Completely free;Fairly well;Fairly well;Completely free and fair;Not at all likely;Not at all;Agree very strongly with 1;Agree very strongly with 1;Very willing;Urban;Going in the wrong direction;Very bad;Very bad
I voted in the election;Not at all free;Not at all well;Fairly well;Free and fair, but with minor problems;Don’t know;A lot;Agree very strongly with 2;Agree very strongly with 2;Willing;Urban;Going in the wrong direction;Very bad;Very bad
I voted in the election;Completely free;Very well;Not very well;Completely free and fair;Not at all likely;Not at all;Agree very strongly with 1;Agree very strongly with 1;Very unwilling;Urban;Going in the wrong direction;Fairly bad;Fairly good
I voted in the election;Completely free;Not at all well;Very well;Free and fair, with major problems;Not at all likely;Not at all;Agree with 1;Agree with 1;Willing;Rural;Going in the wrong direction;Very bad;Neither good nor bad
I voted in the election;Completely free;Fairly well;Not at all well;Free and fair, with major problems;Very likely;Not at all;Agree very strongly with 1;Agree very strongly with 1;Very willing;Rural;Going in the right direction;Fairly bad;Fairly good
I voted in the election;Somewhat free;Fairly well;Fairly well;Free and fair, but with minor problems;Somewhat likely;Not at all;Agree with 1;Agree very strongly with 1;Unwilling;Rural;Going in the wrong direction;Fairly bad;Fairly good
I did not vote;Completely free;Not at all well;Not at all well;Free and fair, with major problems;Very likely;A lot;Agree very strongly with 2;Agree very strongly with 1;Very willing;Rural;Going in the wrong direction;Fairly good;Fairly good
I voted in the election;Completely free;Not at all well;Not at all well;Free and fair, with major problems;Not at all likely;Not at all;Agree very strongly with 1;Agree very strongly with 2;Very willing;Rural;Going in the wrong direction;Very bad;Very bad
I was too young to vote;Completely free;Fairly well;Fairly well;Free and fair, but with minor problems;Not at all likely;Don’t know;Agree very strongly with 2;Agree very strongly with 1;Very willing;Rural;Going in the wrong direction;Fairly bad;Fairly good
I voted in the election;Completely free;Not at all well;Not at all well;Free and fair, but with minor problems;Somewhat likely;Not at all;Agree very strongly with 2;Agree with 2;Very willing;Rural;Going in the right direction;Fairly bad;Fairly bad
I voted in the election;Completely free;Fairly well;Very well;Free and fair, but with minor problems;Not very likely;Not at all;Agree very strongly with 2;Agree very strongly with 1;Willing;Rural;Going in the wrong direction;Very bad;Fairly bad
I did not vote;Not at all free;Fairly well;Fairly well;Free and fair, but with minor problems;Very likely;Not at all;Agree very strongly with 2;Agree very strongly with 1;Unwilling;Urban;Going in the right direction;Fairly good;Fairly good
I voted in the election;Completely free;Not very well;Not very well;Completely free and fair;Not at all likely;Not at all;Agree very strongly with 1;Agree very strongly with 1;Unwilling;Urban;Going in the wrong direction;Fairly good;Fairly good
I was too young to vote;Completely free;Not very well;Not very well;Don’t know;Not at all likely;Don’t know;Agree with 1;Agree with 1;Willing;Urban;Going in the wrong direction;Very bad;Fairly good
I did not vote;Completely free;Fairly well;Don’t know;Don’t know;Not at all likely;Not at all;Agree with 1;Agree with 1;Don’t know;Urban;Going in the wrong direction;Fairly good;Very good
I was too young to vote;Completely free;Not very well;Not at all well;Completely free and fair;Very likely;Not at all;Agree very strongly with 1;Agree very strongly with 1;Very willing;Rural;Going in the wrong direction;Very bad;Neither good nor bad
I voted in the election;Not at all free;Not at all well;Fairly well;Free and fair, with major problems;Not at all likely;Not at all;Agree with neither;Agree very strongly with 1;Unwilling;Rural;Going in the wrong direction;Fairly bad;Neither good nor bad
I voted in the election;Somewhat free;Fairly well;Not very well;Free and fair, but with minor problems;Not at all likely;Not at all;Agree with 1;Agree very strongly with 1;Unwilling;Rural;Going in the wrong direction;Fairly bad;Fairly good
I voted in the election;Completely free;Not very well;Not very well;Free and fair, but with minor problems;Somewhat likely;Somewhat;Agree with 2;Agree with 2;Willing;Rural;Going in the wrong direction;Neither good nor bad;Fairly good
I voted in the election;Somewhat free;Not very well;Not very well;Free and fair, but with minor problems;Somewhat likely;Somewhat;Agree very strongly with 2;Agree with 1;Willing;Rural;Going in the wrong direction;Fairly bad;Fairly bad
I was too young to vote;Completely free;Not at all well;Not at all well;Completely free and fair;Somewhat likely;Not at all;Agree very strongly with 2;Agree very strongly with 2;Very willing;Rural;Going in the wrong direction;Very bad;Very bad
I voted in the election;Not at all free;Fairly well;Very well;Completely free and fair;Not at all likely;Not at all;Agree very strongly with 2;Agree very strongly with 2;Don’t know;Rural;Going in the wrong direction;Very bad;Very bad
I voted in the election;Completely free;Don’t know;Not at all well;Free and fair, with major problems;Don’t know;Not at all;Agree very strongly with 2;Agree with 1;Very willing;Rural;Going in the wrong direction;Fairly bad;Very bad
I voted in the election;Completely free;Not very well;Not at all well;Free and fair, but with minor problems;Very likely;Not at all;Agree very strongly with 1;Agree very strongly with 1;Very willing;Rural;Going in the right direction;Very bad;Very bad
I did not vote;Somewhat free;Very well;Fairly well;Free and fair, but with minor problems;Not at all likely;Not at all;Agree very strongly with 2;Agree very strongly with 1;Very willing;Rural;Going in the right direction;Neither good nor bad;Fairly bad
I voted in the election;Completely free;Fairly well;Fairly well;Free and fair, but with minor problems;Not at all likely;Not at all;Agree with 1;Agree with 2;Very unwilling;Rural;Don't know;Very bad;Neither good nor bad
I voted in the election;Completely free;Not very well;Fairly well;Free and fair, but with minor problems;Somewhat likely;Not at all;Agree with 2;Agree with 1;Very willing;Rural;Going in the right direction;Fairly good;Fairly good
I voted in the election;Not very free;Not at all well;Not very well;Free and fair, with major problems;Very likely;A lot;Agree very strongly with 1;Agree very strongly with 2;Willing;Urban;Going in the right direction;Very bad;Fairly bad
I voted in the election;Completely free;Don’t know;Not very well;Free and fair, but with minor problems;Very likely;Not at all;Agree with 2;Agree with 2;Very willing;Urban;Going in the wrong direction;Very bad;Very bad
I voted in the election;Completely free;Very well;Fairly well;Free and fair, with major problems;Somewhat likely;Not at all;Agree very strongly with 2;Agree very strongly with 1;Unwilling;Urban;Going in the right direction;Very bad;Fairly good
I did not vote;Completely free;Not very well;Not very well;Free and fair, but with minor problems;Not very likely;A little bit;Agree very strongly with 2;Agree very strongly with 1;Willing;Urban;Going in the wrong direction;Very bad;Very bad
I voted in the election;Somewhat free;Not very well;Not at all well;Free and fair, but with minor problems;Somewhat likely;A little bit;Agree very strongly with 2;Agree very strongly with 1;Willing;Rural;Going in the wrong direction;Fairly bad;Neither good nor bad
I voted in the election;Somewhat free;Fairly well;Fairly well;Completely free and fair;Not at all likely;Not at all;Agree very strongly with 2;Agree very strongly with 1;Very willing;Rural;Going in the wrong direction;Very bad;Very bad
I voted in the election;Completely free;Don’t know;Very well;Completely free and fair;Not at all likely;Not at all;Agree very strongly with 2;Agree very strongly with 1;Unwilling;Rural;Don't know;Don't know;Don't know
I was too young to vote;Don’t know;Don’t know;Not very well;Completely free and fair;Don’t know;Don’t know;Agree very strongly with 2;Agree very strongly with 1;Willing;Rural;Going in the wrong direction;Fairly bad;Fairly good
I voted in the election;Completely free;Not very well;Not very well;Free and fair, but with minor problems;Somewhat likely;Not at all;Agree with 2;Agree with 2;Very willing;Rural;Going in the wrong direction;Fairly bad;Fairly bad
I voted in the election;Completely free;Not at all well;Not at all well;Free and fair, but with minor problems;Somewhat likely;Not at all;Agree with 2;Agree with 1;Very willing;Rural;Going in the wrong direction;Fairly bad;Fairly bad
I voted in the election;Completely free;Not at all well;Not at all well;Free and fair, with major problems;Very likely;A little bit;Agree very strongly with 2;Agree very strongly with 1;Very willing;Rural;Going in the wrong direction;Very bad;Very bad
I voted in the election;Completely free;Fairly well;Fairly well;Free and fair, but with minor problems;Not at all likely;Not at all;Agree very strongly with 2;Agree very strongly with 1;Willing;Rural;Going in the wrong direction;Fairly good;Fairly good
I voted in the election;Somewhat free;Not very well;Not very well;Free and fair, but with minor problems;Somewhat likely;A little bit;Agree very strongly with 2;Agree very strongly with 1;Willing;Rural;Going in the wrong direction;Fairly bad;Neither good nor bad
I did not vote;Don’t know;Don’t know;Don’t know;Don’t know;Not at all likely;Not at all;Agree very strongly with 1;Agree very strongly with 1;Don’t know;Rural;Going in the wrong direction;Very bad;Very bad
I did not vote;Somewhat free;Not at all well;Not at all well;Not free and fair;Not very likely;Not at all;Agree very strongly with 1;Agree with 1;Very unwilling;Rural;Going in the wrong direction;Very bad;Fairly good
I voted in the election;Completely free;Not very well;Not very well;Completely free and fair;Not at all likely;Not at all;Agree very strongly with 1;Agree very strongly with 1;Very willing;Rural;Going in the wrong direction;Very bad;Very bad
I voted in the election;Completely free;Not very well;Fairly well;Completely free and fair;Not at all likely;Not at all;Agree very strongly with 2;Agree very strongly with 2;Very willing;Urban;Going in the wrong direction;Very bad;Very bad
I voted in the election;Completely free;Fairly well;Fairly well;Completely free and fair;Not at all likely;Not at all;Agree very strongly with 2;Agree very strongly with 1;Very willing;Urban;Going in the wrong direction;Very bad;Fairly bad
I voted in the election;Somewhat free;Not very well;Not at all well;Free and fair, with major problems;Somewhat likely;A little bit;Agree very strongly with 2;Agree very strongly with 1;Willing;Urban;Going in the wrong direction;Very bad;Very bad
I voted in the election;Completely free;Not very well;Not very well;Completely free and fair;Somewhat likely;A little bit;Agree with 1;Agree with 1;Very willing;Urban;Going in the wrong direction;Fairly bad;Fairly bad
I did not vote;Completely free;Don’t know;Don’t know;Don’t know;Don’t know;Not at all;Agree very strongly with 1;Agree very strongly with 1;Don’t know;Urban;Going in the wrong direction;Very bad;Very bad
I did not vote;Completely free;Not very well;Not very well;Don’t know;Don’t know;Don’t know;Agree very strongly with 1;Agree very strongly with 1;Don’t know;Urban;Going in the wrong direction;Very bad;Neither good nor bad
I voted in the election;Completely free;Fairly well;Fairly well;Completely free and fair;Not at all likely;Not at all;Agree very strongly with 1;Agree with 2;Don’t know;Urban;Going in the wrong direction;Fairly good;Very good
I voted in the election;Completely free;Not very well;Not very well;Free and fair, but with minor problems;Not very likely;Not at all;Agree very strongly with 1;Agree very strongly with 1;Unwilling;Urban;Going in the wrong direction;Fairly good;Very good
I was too young to vote;Completely free;Fairly well;Very well;Don’t know;Not at all likely;Not at all;Agree with 1;Agree very strongly with 1;Willing;Rural;Going in the wrong direction;Very bad;Neither good nor bad
I did not vote;Somewhat free;Fairly well;Not at all well;Don’t know;Somewhat likely;Don’t know;Agree very strongly with 1;Agree very strongly with 1;Very willing;Rural;Going in the wrong direction;Very bad;Neither good nor bad
I voted in the election;Somewhat free;Not very well;Not at all well;Not free and fair;Very likely;Somewhat;Agree very strongly with 2;Agree very strongly with 1;Willing;Rural;Going in the wrong direction;Very bad;Fairly bad
I voted in the election;Completely free;Not very well;Fairly well;Free and fair, with major problems;Somewhat likely;A little bit;Agree very strongly with 1;Agree with 1;Willing;Rural;Going in the wrong direction;Fairly bad;Fairly bad
I voted in the election;Not very free;Don’t know;Not very well;Free and fair, with major problems;Very likely;A little bit;Agree very strongly with 2;Agree very strongly with 2;Unwilling;Rural;Going in the wrong direction;Fairly bad;Neither good nor bad
I voted in the election;Somewhat free;Not very well;Not very well;Free and fair, but with minor problems;Somewhat likely;A little bit;Agree very strongly with 2;Agree very strongly with 1;Willing;Rural;Going in the wrong direction;Fairly bad;Fairly bad
I did not vote;Somewhat free;Not very well;Not very well;Free and fair, but with minor problems;Somewhat likely;Not at all;Agree very strongly with 1;Agree very strongly with 1;Very willing;Rural;Going in the wrong direction;Neither good nor bad;Fairly bad
I did not vote;Completely free;Not at all well;Very well;Not free and fair;Don’t know;Not at all;Agree very strongly with 2;Agree very strongly with 1;Very unwilling;Rural;Going in the wrong direction;Fairly bad;Fairly good
I voted in the election;Completely free;Fairly well;Not very well;Free and fair, with major problems;Very likely;Somewhat;Agree very strongly with 2;Agree very strongly with 1;Willing;Urban;Going in the wrong direction;Very bad;Neither good nor bad
I voted in the election;Completely free;Fairly well;Not at all well;Completely free and fair;Somewhat likely;Not at all;Agree very strongly with 1;Agree with 1;Very willing;Urban;Going in the wrong direction;Fairly bad;Fairly good
I did not vote;Completely free;Don’t know;Don’t know;Don’t know;Don’t know;Not at all;Agree with 1;Agree very strongly with 1;Very willing;Urban;Going in the wrong direction;Very bad;Fairly bad
I did not vote;Completely free;Very well;Very well;Don’t know;Not at all likely;Not at all;Agree very strongly with 1;Agree very strongly with 1;Very willing;Urban;Don't know;Neither good nor bad;Fairly good
I voted in the election;Completely free;Not at all well;Very well;Completely free and fair;Not at all likely;Not at all;Agree very strongly with 2;Agree very strongly with 1;Very willing;Rural;Going in the right direction;Fairly bad;Fairly good
I did not vote;Somewhat free;Not very well;Not very well;Completely free and fair;Somewhat likely;Not at all;Agree very strongly with 1;Agree very strongly with 2;Willing;Rural;Going in the wrong direction;Very bad;Very bad
I did not vote;Completely free;Don’t know;Don’t know;Not free and fair;Not at all likely;Somewhat;Agree very strongly with 2;Agree with 1;Don’t know;Rural;Going in the wrong direction;Fairly bad;Fairly bad
I voted in the election;Completely free;Not very well;Not very well;Free and fair, with major problems;Somewhat likely;Somewhat;Agree very strongly with 2;Agree very strongly with 1;Very willing;Rural;Going in the wrong direction;Fairly bad;Fairly bad
I voted in the election;Somewhat free;Not at all well;Not at all well;Free and fair, with major problems;Very likely;Not at all;Agree very strongly with 2;Agree very strongly with 2;Very willing;Rural;Going in the wrong direction;Very bad;Very bad
I voted in the election;Completely free;Not very well;Not at all well;Free and fair, but with minor problems;Don’t know;Not at all;Agree very strongly with 2;Agree with 1;Very willing;Rural;Going in the wrong direction;Very bad;Very bad
I voted in the election;Completely free;Don’t know;Don’t know;Free and fair, with major problems;Don’t know;Not at all;Agree very strongly with 2;Agree with 1;Very willing;Rural;Going in the wrong direction;Very bad;Very bad
I did not vote;Completely free;Fairly well;Very well;Free and fair, with major problems;Not at all likely;Not at all;Agree very strongly with 2;Agree very strongly with 1;Very willing;Rural;Going in the wrong direction;Very bad;Very bad
I voted in the election;Somewhat free;Fairly well;Not very well;Free and fair, but with minor problems;Not very likely;Not at all;Agree very strongly with 2;Agree very strongly with 1;Unwilling;Rural;Going in the right direction;Fairly bad;Fairly good
I did not vote;Completely free;Not very well;Very well;Free and fair, with major problems;Not at all likely;Not at all;Agree very strongly with 2;Agree very strongly with 1;Very willing;Rural;Going in the wrong direction;Very bad;Fairly bad
I did not vote;Completely free;Not very well;Not very well;Free and fair, with major problems;Somewhat likely;Not at all;Agree very strongly with 2;Agree very strongly with 2;Very willing;Rural;Going in the wrong direction;Very bad;Fairly good
I voted in the election;Completely free;Not very well;Not very well;Free and fair, with major problems;Very likely;Not at all;Agree with 2;Agree with 1;Very willing;Rural;Going in the wrong direction;Fairly bad;Fairly bad
I voted in the election;Completely free;Fairly well;Not very well;Free and fair, but with minor problems;Somewhat likely;Not at all;Agree very strongly with 1;Agree very strongly with 1;Unwilling;Rural;Going in the wrong direction;Fairly good;Fairly good
I voted in the election;Not at all free;Don’t know;Don’t know;Completely free and fair;Don’t know;Not at all;Agree very strongly with 1;Don't know;Don’t know;Rural;Going in the wrong direction;Fairly bad;Fairly bad
I voted in the election;Somewhat free;Don’t know;Don’t know;Free and fair, with major problems;Not at all likely;Not at all;Agree very strongly with 1;Agree very strongly with 1;Very willing;Rural;Going in the wrong direction;Fairly good;Neither good nor bad
I voted in the election;Not very free;Not at all well;Not at all well;Completely free and fair;Not at all likely;Not at all;Agree with 1;Agree very strongly with 1;Very willing;Rural;Going in the wrong direction;Very good;Very good
I voted in the election;Completely free;Fairly well;Not very well;Completely free and fair;Not at all likely;Not at all;Agree with 1;Agree very strongly with 1;Very unwilling;Rural;Going in the wrong direction;Fairly bad;Very good
I voted in the election;Completely free;Fairly well;Not very well;Free and fair, but with minor problems;Not very likely;A little bit;Agree very strongly with 1;Agree very strongly with 2;Very unwilling;Rural;Going in the wrong direction;Very bad;Fairly good
I voted in the election;Completely free;Very well;Very well;Completely free and fair;Not at all likely;Not at all;Agree very strongly with 1;Agree very strongly with 1;Willing;Rural;Going in the wrong direction;Very bad;Fairly good
I was too young to vote;Completely free;Don’t know;Don’t know;Don’t know;Don’t know;Not at all;Agree with 1;Agree with 1;Don’t know;Rural;Going in the right direction;Fairly good;Fairly good
I voted in the election;Not very free;Not very well;Not at all well;Free and fair, with major problems;Very likely;Not at all;Agree very strongly with 2;Agree very strongly with 2;Very willing;Urban;Going in the wrong direction;Very bad;Fairly bad
I voted in the election;Completely free;Fairly well;Fairly well;Free and fair, but with minor problems;Not at all likely;Not at all;Agree with 2;Agree with 2;Very willing;Urban;Going in the right direction;Fairly bad;Very good
I did not vote;Completely free;Not very well;Not very well;Don’t know;Very likely;Not at all;Agree with 1;Agree with 2;Very willing;Urban;Going in the wrong direction;Very bad;Fairly good
I did not vote;Not very free;Not very well;Not very well;Not free and fair;Somewhat likely;Somewhat;Agree very strongly with 1;Agree very strongly with 2;Willing;Urban;Going in the wrong direction;Fairly good;Fairly bad
