Ward_ID,Municipality,Registered_Voters_2026,Baseline_Turnout_Pct_2021,Predicted_Turnout_Pct_2026,Predicted_Shift_vs_2021_pp,Estimated_Ballots_Cast_2026,Civic_Participation_Risk_Category
59500001,ETH - eThekwini,19964,55.59079227951228,64.01,8.42,12779,Substantial Increase (>5pp)
59500002,ETH - eThekwini,21172,47.28889841405915,60.29,13.0,12765,Substantial Increase (>5pp)
59500003,ETH - eThekwini,17103,42.93384594988731,55.23,12.3,9446,Substantial Increase (>5pp)
59500004,ETH - eThekwini,20987,43.21905339805826,57.23,14.01,12011,Substantial Increase (>5pp)
59500005,ETH - eThekwini,14950,43.80006846970216,59.64,15.84,8916,Substantial Increase (>5pp)
59500006,ETH - eThekwini,18454,44.51502430402121,59.64,15.12,11006,Substantial Increase (>5pp)
59500007,ETH - eThekwini,16867,46.77951601075532,59.49,12.71,10034,Substantial Increase (>5pp)
59500008,ETH - eThekwini,20847,50.05474737994682,60.25,10.2,12560,Substantial Increase (>5pp)
59500009,ETH - eThekwini,20985,53.619088288673,64.72,11.1,13581,Substantial Increase (>5pp)
59500010,ETH - eThekwini,20505,56.95560466050623,64.2,7.24,13164,Substantial Increase (>5pp)
59500011,ETH - eThekwini,21901,38.247700360827366,56.3,18.05,12330,Substantial Increase (>5pp)
59500012,ETH - eThekwini,17495,34.98512175866885,58.19,23.2,10180,Substantial Increase (>5pp)
59500013,ETH - eThekwini,17318,39.75695597317219,56.25,16.49,9741,Substantial Increase (>5pp)
59500014,ETH - eThekwini,20024,36.40036632009912,57.44,21.04,11502,Substantial Increase (>5pp)
59500015,ETH - eThekwini,19835,31.02690254370355,59.42,28.39,11786,Substantial Increase (>5pp)
59500016,ETH - eThekwini,19791,41.3854897342686,59.58,18.19,11791,Substantial Increase (>5pp)
59500017,ETH - eThekwini,22433,42.65163092164199,55.49,12.84,12448,Substantial Increase (>5pp)
59500018,ETH - eThekwini,20995,48.03174271692597,60.18,12.15,12635,Substantial Increase (>5pp)
59500019,ETH - eThekwini,20199,41.68656795627023,57.03,15.34,11519,Substantial Increase (>5pp)
59500020,ETH - eThekwini,16140,41.13040732554468,59.58,18.45,9616,Substantial Increase (>5pp)
59500021,ETH - eThekwini,18025,41.0385739668711,59.57,18.53,10737,Substantial Increase (>5pp)
59500022,ETH - eThekwini,16753,37.12407655168402,59.61,22.49,9986,Substantial Increase (>5pp)
59500023,ETH - eThekwini,21174,40.3680541316383,56.25,15.88,11910,Substantial Increase (>5pp)
59500024,ETH - eThekwini,17529,43.527312798446765,59.35,15.82,10403,Substantial Increase (>5pp)
59500025,ETH - eThekwini,18854,40.38449573819449,55.78,15.4,10517,Substantial Increase (>5pp)
59500026,ETH - eThekwini,17971,26.374381528312256,59.65,33.28,10720,Substantial Increase (>5pp)
59500027,ETH - eThekwini,18860,42.78237650200267,59.58,16.8,11237,Substantial Increase (>5pp)
59500028,ETH - eThekwini,22645,20.646469465648856,59.92,39.27,13569,Substantial Increase (>5pp)
59500029,ETH - eThekwini,18596,30.846616148419127,58.17,27.32,10817,Substantial Increase (>5pp)
59500030,ETH - eThekwini,20158,43.65327090648979,55.81,12.16,11250,Substantial Increase (>5pp)
59500031,ETH - eThekwini,20599,42.51040926170408,59.5,16.99,12256,Substantial Increase (>5pp)
59500032,ETH - eThekwini,19777,16.917443789690488,59.37,42.45,11742,Substantial Increase (>5pp)
59500033,ETH - eThekwini,24254,39.54083115373438,56.8,17.26,13776,Substantial Increase (>5pp)
59500034,ETH - eThekwini,18405,40.95716078150206,55.47,14.51,10209,Substantial Increase (>5pp)
59500035,ETH - eThekwini,20541,55.31614868294884,64.24,8.92,13196,Substantial Increase (>5pp)
59500036,ETH - eThekwini,19314,49.794900221729485,60.25,10.46,11637,Substantial Increase (>5pp)
59500037,ETH - eThekwini,19855,36.78791328193719,59.7,22.91,11853,Substantial Increase (>5pp)
59500038,ETH - eThekwini,15182,37.47788420474651,59.37,21.89,9014,Substantial Increase (>5pp)
59500039,ETH - eThekwini,16802,28.39898722251664,58.73,30.33,9868,Substantial Increase (>5pp)
59500040,ETH - eThekwini,18533,37.21335431654676,59.69,22.48,11062,Substantial Increase (>5pp)
59500041,ETH - eThekwini,17053,34.872251524076994,56.29,21.42,9599,Substantial Increase (>5pp)
59500042,ETH - eThekwini,18545,36.88063063063063,56.38,19.5,10456,Substantial Increase (>5pp)
59500043,ETH - eThekwini,16185,36.507282220390216,56.21,19.7,9098,Substantial Increase (>5pp)
59500044,ETH - eThekwini,16686,36.585522101217165,57.79,21.2,9643,Substantial Increase (>5pp)
59500045,ETH - eThekwini,17493,38.02516411378556,59.68,21.65,10440,Substantial Increase (>5pp)
59500046,ETH - eThekwini,15572,29.954099398543843,59.56,29.61,9275,Substantial Increase (>5pp)
59500047,ETH - eThekwini,16016,33.14535301597833,58.79,25.64,9416,Substantial Increase (>5pp)
59500048,ETH - eThekwini,16258,45.6702108044988,59.7,14.03,9706,Substantial Increase (>5pp)
59500049,ETH - eThekwini,20047,48.5858794384806,60.54,11.95,12136,Substantial Increase (>5pp)
59500050,ETH - eThekwini,15169,51.5025402659172,61.5,10.0,9329,Substantial Increase (>5pp)
59500051,ETH - eThekwini,17741,47.08627428104766,60.23,13.14,10685,Substantial Increase (>5pp)
59500052,ETH - eThekwini,15432,46.89036917138766,59.68,12.79,9210,Substantial Increase (>5pp)
59500053,ETH - eThekwini,14901,31.442524417731025,58.26,26.82,8681,Substantial Increase (>5pp)
59500054,ETH - eThekwini,14189,32.556879739978335,58.71,26.15,8330,Substantial Increase (>5pp)
59500055,ETH - eThekwini,16419,38.27388762972683,59.62,21.35,9789,Substantial Increase (>5pp)
59500056,ETH - eThekwini,18871,37.59793762321185,59.59,21.99,11245,Substantial Increase (>5pp)
59500057,ETH - eThekwini,15270,42.46215438508696,59.55,17.09,9093,Substantial Increase (>5pp)
59500058,ETH - eThekwini,20251,45.09963873674397,54.68,9.58,11073,Substantial Increase (>5pp)
59500059,ETH - eThekwini,16267,42.341562738610335,58.86,16.52,9575,Substantial Increase (>5pp)
59500060,ETH - eThekwini,21979,39.31432069792358,55.95,16.64,12297,Substantial Increase (>5pp)
59500061,ETH - eThekwini,16381,46.17745163442295,54.33,8.15,8900,Substantial Increase (>5pp)
59500062,ETH - eThekwini,16596,41.40240937820755,59.15,17.75,9817,Substantial Increase (>5pp)
59500063,ETH - eThekwini,20252,47.457003103139954,60.29,12.83,12210,Substantial Increase (>5pp)
59500064,ETH - eThekwini,21094,41.485391341437406,55.28,13.79,11661,Substantial Increase (>5pp)
59500065,ETH - eThekwini,19916,45.24205378973105,59.56,14.32,11862,Substantial Increase (>5pp)
59500066,ETH - eThekwini,18908,45.373933411410405,57.18,11.81,10812,Substantial Increase (>5pp)
59500067,ETH - eThekwini,16969,39.75267213522248,58.37,18.62,9905,Substantial Increase (>5pp)
59500068,ETH - eThekwini,21089,46.68545720635265,54.4,7.71,11472,Substantial Increase (>5pp)
59500069,ETH - eThekwini,17319,47.16401734104046,60.29,13.13,10442,Substantial Increase (>5pp)
59500070,ETH - eThekwini,16914,48.15201624601102,59.93,11.78,10137,Substantial Increase (>5pp)
59500071,ETH - eThekwini,19242,41.57238024743577,59.58,18.01,11464,Substantial Increase (>5pp)
59500072,ETH - eThekwini,19869,38.86507341120994,58.05,19.18,11534,Substantial Increase (>5pp)
59500073,ETH - eThekwini,16367,48.30412155291021,59.97,11.67,9815,Substantial Increase (>5pp)
59500074,ETH - eThekwini,15873,36.85085168259244,59.3,22.45,9413,Substantial Increase (>5pp)
59500075,ETH - eThekwini,14944,38.297872340425535,59.62,21.32,8910,Substantial Increase (>5pp)
59500076,ETH - eThekwini,16303,27.582385104182062,59.56,31.98,9710,Substantial Increase (>5pp)
59500077,ETH - eThekwini,19862,45.40941574382194,55.24,9.83,10972,Substantial Increase (>5pp)
59500078,ETH - eThekwini,17769,33.53108685334599,59.54,26.01,10580,Substantial Increase (>5pp)
59500079,ETH - eThekwini,19940,30.03676249020672,59.48,29.44,11860,Substantial Increase (>5pp)
59500080,ETH - eThekwini,14970,35.98708983324368,59.7,23.71,8937,Substantial Increase (>5pp)
59500081,ETH - eThekwini,17765,30.86300709415249,59.42,28.56,10556,Substantial Increase (>5pp)
59500082,ETH - eThekwini,15003,32.084837545126355,59.45,27.37,8919,Substantial Increase (>5pp)
59500083,ETH - eThekwini,17862,34.66848842226377,56.61,21.94,10112,Substantial Increase (>5pp)
59500084,ETH - eThekwini,15188,37.026108153184936,59.61,22.58,9054,Substantial Increase (>5pp)
59500085,ETH - eThekwini,15859,31.95371290643192,59.16,27.21,9382,Substantial Increase (>5pp)
59500086,ETH - eThekwini,16873,33.09767803865611,58.35,25.25,9845,Substantial Increase (>5pp)
59500087,ETH - eThekwini,14463,33.12128336329692,59.62,26.5,8623,Substantial Increase (>5pp)
59500088,ETH - eThekwini,17836,29.37866634742009,59.49,30.11,10611,Substantial Increase (>5pp)
59500089,ETH - eThekwini,18348,39.03759581457598,56.18,17.14,10308,Substantial Increase (>5pp)
59500090,ETH - eThekwini,18614,44.39338235294117,59.64,15.25,11101,Substantial Increase (>5pp)
59500091,ETH - eThekwini,16209,39.40869803813966,56.07,16.66,9088,Substantial Increase (>5pp)
59500092,ETH - eThekwini,17745,35.24948138443062,59.64,24.39,10583,Substantial Increase (>5pp)
59500093,ETH - eThekwini,17974,40.95671436268934,57.03,16.07,10251,Substantial Increase (>5pp)
59500094,ETH - eThekwini,19282,35.167615433270086,56.3,21.13,10856,Substantial Increase (>5pp)
59500095,ETH - eThekwini,19899,42.994153246486825,59.58,16.59,11856,Substantial Increase (>5pp)
59500096,ETH - eThekwini,18216,44.04418828049952,59.57,15.53,10851,Substantial Increase (>5pp)
59500097,ETH - eThekwini,18320,47.575012933264354,60.29,12.71,11045,Substantial Increase (>5pp)
59500098,ETH - eThekwini,21063,39.75664968873797,56.27,16.51,11852,Substantial Increase (>5pp)
59500099,ETH - eThekwini,17935,49.46344524631315,60.33,10.87,10820,Substantial Increase (>5pp)
59500100,ETH - eThekwini,16375,49.36744766551313,61.08,11.71,10002,Substantial Increase (>5pp)
59500101,ETH - eThekwini,18890,31.69135802469136,59.38,27.69,11217,Substantial Increase (>5pp)
59500102,ETH - eThekwini,16632,46.54922931739541,59.39,12.84,9878,Substantial Increase (>5pp)
59500103,ETH - eThekwini,21012,50.79472438282042,60.44,9.65,12700,Substantial Increase (>5pp)
59500104,ETH - eThekwini,15719,33.98410174880763,59.62,25.64,9372,Substantial Increase (>5pp)
59500105,ETH - eThekwini,16780,51.64952110677545,60.5,8.85,10152,Substantial Increase (>5pp)
59500106,ETH - eThekwini,16132,44.9928469241774,59.24,14.25,9557,Substantial Increase (>5pp)
59500107,ETH - eThekwini,16071,38.98727535091172,58.64,19.65,9424,Substantial Increase (>5pp)
59500108,ETH - eThekwini,15302,44.46768771012327,55.34,10.87,8468,Substantial Increase (>5pp)
59500109,ETH - eThekwini,19849,33.080519480519484,59.57,26.49,11824,Substantial Increase (>5pp)
59500110,ETH - eThekwini,19858,48.450656786796905,60.27,11.82,11968,Substantial Increase (>5pp)
59500111,ETH - eThekwini,15638,34.57206528940553,59.2,24.63,9258,Substantial Increase (>5pp)
59500112,,17140,50.41896097677759,60.33,9.91,10341,Substantial Increase (>5pp)
52102001,KZN212 - uMdoni,3992,45.00831946755408,54.8,9.79,2188,Substantial Increase (>5pp)
52102002,KZN212 - uMdoni,4556,48.48715992880753,60.27,11.78,2746,Substantial Increase (>5pp)
52102003,KZN212 - uMdoni,5082,55.338164251207736,64.31,8.97,3268,Substantial Increase (>5pp)
52102004,KZN212 - uMdoni,4008,53.13038483630098,64.27,11.14,2576,Substantial Increase (>5pp)
52102005,KZN212 - uMdoni,4713,55.96094552929085,64.54,8.58,3042,Substantial Increase (>5pp)
52102006,KZN212 - uMdoni,4300,22.75358671029449,59.71,36.96,2568,Substantial Increase (>5pp)
52102007,KZN212 - uMdoni,4355,55.79888268156424,63.31,7.51,2757,Substantial Increase (>5pp)
52102008,KZN212 - uMdoni,4765,44.82217573221757,55.99,11.17,2668,Substantial Increase (>5pp)
52102009,KZN212 - uMdoni,4980,41.587802313354366,56.18,14.59,2798,Substantial Increase (>5pp)
52102010,KZN212 - uMdoni,5212,50.60648240206801,60.22,9.61,3139,Substantial Increase (>5pp)
52102011,KZN212 - uMdoni,4161,39.036721660457694,56.59,17.55,2355,Substantial Increase (>5pp)
52102012,KZN212 - uMdoni,4397,51.919654207983726,60.66,8.74,2667,Substantial Increase (>5pp)
52102013,KZN212 - uMdoni,4465,40.38461538461539,56.41,16.03,2519,Substantial Increase (>5pp)
52102014,KZN212 - uMdoni,5564,43.027591349739005,56.1,13.07,3121,Substantial Increase (>5pp)
52102015,KZN212 - uMdoni,4217,61.89816418427433,66.76,4.86,2815,Moderate Increase (1-5pp)
52102016,KZN212 - uMdoni,3133,40.94284791733936,59.61,18.67,1868,Substantial Increase (>5pp)
52102017,KZN212 - uMdoni,4285,46.46434885091338,55.11,8.65,2361,Substantial Increase (>5pp)
52102018,KZN212 - uMdoni,4192,58.13326139735635,64.66,6.53,2711,Substantial Increase (>5pp)
52102019,KZN212 - uMdoni,4091,44.67658843732112,55.61,10.93,2275,Substantial Increase (>5pp)
52103001,KZN213 - uMzumbe,4168,54.7915538711424,63.99,9.2,2667,Substantial Increase (>5pp)
52103002,KZN213 - uMzumbe,4671,44.64751958224543,55.39,10.74,2587,Substantial Increase (>5pp)
52103003,KZN213 - uMzumbe,4505,45.372910950361685,54.57,9.2,2458,Substantial Increase (>5pp)
52103004,KZN213 - uMzumbe,4574,45.50731953558809,54.92,9.41,2512,Substantial Increase (>5pp)
52103005,KZN213 - uMzumbe,3563,47.14640198511167,60.05,12.9,2140,Substantial Increase (>5pp)
52103006,KZN213 - uMzumbe,3875,51.09375000000001,60.45,9.36,2342,Substantial Increase (>5pp)
52103007,KZN213 - uMzumbe,3262,50.166616176916094,60.12,9.95,1961,Substantial Increase (>5pp)
52103008,KZN213 - uMzumbe,4890,52.75282193043077,62.46,9.71,3054,Substantial Increase (>5pp)
52103009,KZN213 - uMzumbe,4276,38.95734597156398,59.74,20.78,2554,Substantial Increase (>5pp)
52103010,KZN213 - uMzumbe,5144,42.24270353302612,56.0,13.76,2881,Substantial Increase (>5pp)
52103011,KZN213 - uMzumbe,3840,51.16601887840089,60.45,9.28,2321,Substantial Increase (>5pp)
52103012,KZN213 - uMzumbe,4232,56.69975186104218,65.35,8.65,2766,Substantial Increase (>5pp)
52103013,KZN213 - uMzumbe,4263,49.36745255894192,60.42,11.05,2576,Substantial Increase (>5pp)
52103014,KZN213 - uMzumbe,4492,58.57066093498119,65.36,6.79,2936,Substantial Increase (>5pp)
52103015,KZN213 - uMzumbe,5092,45.28720337103571,54.63,9.34,2782,Substantial Increase (>5pp)
52103016,KZN213 - uMzumbe,4021,51.701371254443885,60.55,8.85,2435,Substantial Increase (>5pp)
52103017,KZN213 - uMzumbe,3950,58.57586888951681,64.64,6.06,2553,Substantial Increase (>5pp)
52103018,KZN213 - uMzumbe,4601,56.22239542738373,64.64,8.42,2974,Substantial Increase (>5pp)
52103019,KZN213 - uMzumbe,4074,50.997605746209096,60.58,9.58,2468,Substantial Increase (>5pp)
52103020,KZN213 - uMzumbe,3138,54.7948653410521,63.08,8.29,1979,Substantial Increase (>5pp)
52104001,KZN214 - uMuziwabantu,4172,55.9257697174188,63.18,7.25,2636,Substantial Increase (>5pp)
52104002,KZN214 - uMuziwabantu,5438,52.02163275817667,60.92,8.9,3313,Substantial Increase (>5pp)
52104003,KZN214 - uMuziwabantu,4811,37.99084557937847,56.5,18.51,2718,Substantial Increase (>5pp)
52104004,KZN214 - uMuziwabantu,4344,53.88725621159498,64.31,10.42,2794,Substantial Increase (>5pp)
52104005,KZN214 - uMuziwabantu,5649,52.52547149360503,62.51,9.98,3531,Substantial Increase (>5pp)
52104006,KZN214 - uMuziwabantu,4700,57.02374936836786,65.26,8.24,3067,Substantial Increase (>5pp)
52104007,KZN214 - uMuziwabantu,5815,55.12085721405432,64.35,9.23,3742,Substantial Increase (>5pp)
52104008,KZN214 - uMuziwabantu,4038,51.23324396782842,60.58,9.35,2446,Substantial Increase (>5pp)
52104009,KZN214 - uMuziwabantu,4906,56.473829201101935,63.79,7.32,3130,Substantial Increase (>5pp)
52104010,KZN214 - uMuziwabantu,4300,58.192705498094725,65.26,7.07,2806,Substantial Increase (>5pp)
52104011,KZN214 - uMuziwabantu,3965,52.651189452565205,62.52,9.87,2479,Substantial Increase (>5pp)
52106001,KZN216 - Ray Nkonyeni,6348,46.05510867704946,54.84,8.78,3481,Substantial Increase (>5pp)
52106002,KZN216 - Ray Nkonyeni,5780,53.05459272097054,64.14,11.09,3707,Substantial Increase (>5pp)
52106003,KZN216 - Ray Nkonyeni,5499,46.46135019375892,54.43,7.97,2993,Substantial Increase (>5pp)
52106004,KZN216 - Ray Nkonyeni,6622,42.72818455366098,55.87,13.14,3700,Substantial Increase (>5pp)
52106005,KZN216 - Ray Nkonyeni,4937,42.211869556410775,59.61,17.4,2943,Substantial Increase (>5pp)
52106006,KZN216 - Ray Nkonyeni,5410,42.76114844227245,55.52,12.76,3004,Substantial Increase (>5pp)
52106007,KZN216 - Ray Nkonyeni,5863,53.65757216291024,64.49,10.83,3781,Substantial Increase (>5pp)
52106008,KZN216 - Ray Nkonyeni,5599,46.425322903401856,59.73,13.3,3344,Substantial Increase (>5pp)
52106009,KZN216 - Ray Nkonyeni,5797,53.85467434647763,64.37,10.52,3732,Substantial Increase (>5pp)
52106010,KZN216 - Ray Nkonyeni,5723,46.33277451802179,54.72,8.39,3132,Substantial Increase (>5pp)
52106011,KZN216 - Ray Nkonyeni,6023,47.837617299061606,60.3,12.46,3632,Substantial Increase (>5pp)
52106012,KZN216 - Ray Nkonyeni,7254,47.60103994327582,60.48,12.88,4387,Substantial Increase (>5pp)
52106013,KZN216 - Ray Nkonyeni,5503,49.35127342623738,60.42,11.07,3325,Substantial Increase (>5pp)
52106014,KZN216 - Ray Nkonyeni,4442,47.59467758444217,60.03,12.44,2667,Substantial Increase (>5pp)
52106015,KZN216 - Ray Nkonyeni,6312,61.80451127819549,66.74,4.94,4213,Moderate Increase (1-5pp)
52106016,KZN216 - Ray Nkonyeni,6045,52.26786061903835,61.77,9.5,3734,Substantial Increase (>5pp)
52106017,KZN216 - Ray Nkonyeni,5737,45.27248218756018,54.76,9.49,3142,Substantial Increase (>5pp)
52106018,KZN216 - Ray Nkonyeni,4211,41.46987951807229,59.61,18.14,2510,Substantial Increase (>5pp)
52106019,KZN216 - Ray Nkonyeni,5642,54.02496771416272,64.35,10.33,3631,Substantial Increase (>5pp)
52106020,KZN216 - Ray Nkonyeni,6163,45.7107408720312,54.72,9.01,3372,Substantial Increase (>5pp)
52106021,KZN216 - Ray Nkonyeni,6343,42.573402417962,56.1,13.53,3558,Substantial Increase (>5pp)
52106022,KZN216 - Ray Nkonyeni,5607,43.176687871947465,55.67,12.49,3121,Substantial Increase (>5pp)
52106023,KZN216 - Ray Nkonyeni,5966,36.8450810403317,56.47,19.62,3369,Substantial Increase (>5pp)
52106024,KZN216 - Ray Nkonyeni,6384,41.99166982203711,55.78,13.79,3561,Substantial Increase (>5pp)
52106025,KZN216 - Ray Nkonyeni,5872,48.63931762794476,60.64,12.0,3561,Substantial Increase (>5pp)
52106026,KZN216 - Ray Nkonyeni,4615,46.06060606060606,55.07,9.01,2541,Substantial Increase (>5pp)
52106027,KZN216 - Ray Nkonyeni,6757,34.82265334117186,56.5,21.68,3818,Substantial Increase (>5pp)
52106028,KZN216 - Ray Nkonyeni,4864,46.20060790273556,54.48,8.28,2650,Substantial Increase (>5pp)
52106029,KZN216 - Ray Nkonyeni,5561,46.12890149979732,54.4,8.27,3025,Substantial Increase (>5pp)
52106030,KZN216 - Ray Nkonyeni,4901,55.3012048192771,64.24,8.94,3148,Substantial Increase (>5pp)
52106031,KZN216 - Ray Nkonyeni,4832,46.68727915194346,56.44,9.75,2727,Substantial Increase (>5pp)
52106032,KZN216 - Ray Nkonyeni,5379,44.66463414634146,55.58,10.92,2990,Substantial Increase (>5pp)
52106033,KZN216 - Ray Nkonyeni,4766,48.686167575607335,60.56,11.87,2886,Substantial Increase (>5pp)
52106034,KZN216 - Ray Nkonyeni,4920,46.55641141821477,54.52,7.96,2682,Substantial Increase (>5pp)
52106035,KZN216 - Ray Nkonyeni,4506,43.95253308991328,59.62,15.67,2686,Substantial Increase (>5pp)
52106036,KZN216 - Ray Nkonyeni,4958,49.444570392201314,60.33,10.89,2991,Substantial Increase (>5pp)
52201001,KZN221 - uMshwathi,4938,56.58701628251216,63.85,7.26,3153,Substantial Increase (>5pp)
52201002,KZN221 - uMshwathi,4733,51.390293225480285,60.76,9.37,2876,Substantial Increase (>5pp)
52201003,KZN221 - uMshwathi,4946,55.12291052114061,63.22,8.1,3127,Substantial Increase (>5pp)
52201004,KZN221 - uMshwathi,4681,44.63508941517642,55.28,10.64,2588,Substantial Increase (>5pp)
52201005,KZN221 - uMshwathi,4189,50.97074104457205,60.58,9.61,2538,Substantial Increase (>5pp)
52201006,KZN221 - uMshwathi,3891,53.47606446956941,63.92,10.44,2487,Substantial Increase (>5pp)
52201007,KZN221 - uMshwathi,4153,56.488332384746734,65.53,9.04,2721,Substantial Increase (>5pp)
52201008,KZN221 - uMshwathi,3915,51.24668435013262,60.45,9.2,2367,Substantial Increase (>5pp)
52201009,KZN221 - uMshwathi,3978,41.67990919409761,59.48,17.8,2366,Substantial Increase (>5pp)
52201010,KZN221 - uMshwathi,5421,57.73592158370171,63.83,6.09,3460,Substantial Increase (>5pp)
52201011,KZN221 - uMshwathi,4896,53.37643678160919,64.44,11.06,3155,Substantial Increase (>5pp)
52201012,KZN221 - uMshwathi,3645,53.78129117259552,63.38,9.6,2310,Substantial Increase (>5pp)
52201013,KZN221 - uMshwathi,4297,45.501285347043705,55.17,9.67,2371,Substantial Increase (>5pp)
52201014,KZN221 - uMshwathi,4511,42.83625730994152,56.3,13.46,2540,Substantial Increase (>5pp)
52202001,KZN222 - uMngeni,5301,51.36176066024759,60.77,9.41,3221,Substantial Increase (>5pp)
52202002,KZN222 - uMngeni,5416,59.37623371496249,64.76,5.38,3507,Substantial Increase (>5pp)
52202003,KZN222 - uMngeni,4128,46.16552771450266,59.37,13.2,2451,Substantial Increase (>5pp)
52202004,KZN222 - uMngeni,4452,52.68996117581808,62.77,10.08,2795,Substantial Increase (>5pp)
52202005,KZN222 - uMngeni,4730,73.38451695457454,69.33,-4.05,3279,Moderate Decline (1-5pp)
52202006,KZN222 - uMngeni,5409,61.97365579788383,66.72,4.75,3609,Moderate Increase (1-5pp)
52202007,KZN222 - uMngeni,5401,62.1768140116764,66.41,4.23,3587,Moderate Increase (1-5pp)
52202008,KZN222 - uMngeni,4127,49.46291560102301,60.2,10.74,2484,Substantial Increase (>5pp)
52202009,KZN222 - uMngeni,4635,50.42040358744395,60.41,9.99,2800,Substantial Increase (>5pp)
52202010,KZN222 - uMngeni,4113,49.014162732574285,60.49,11.48,2488,Substantial Increase (>5pp)
52202011,KZN222 - uMngeni,4576,54.09441233140655,63.98,9.89,2928,Substantial Increase (>5pp)
52202012,KZN222 - uMngeni,4676,53.38636363636363,63.87,10.48,2987,Substantial Increase (>5pp)
52202013,KZN222 - uMngeni,4633,39.3790044356826,56.47,17.09,2616,Substantial Increase (>5pp)
52203001,KZN223 - Mpofana,3465,44.5817154959407,55.92,11.34,1938,Substantial Increase (>5pp)
52203002,KZN223 - Mpofana,2671,47.72227458372604,59.91,12.19,1600,Substantial Increase (>5pp)
52203003,KZN223 - Mpofana,3612,53.0823947836396,63.6,10.52,2297,Substantial Increase (>5pp)
52203004,KZN223 - Mpofana,3101,49.52581664910432,60.06,10.53,1862,Substantial Increase (>5pp)
52203005,KZN223 - Mpofana,3046,47.7107761027359,59.91,12.2,1825,Substantial Increase (>5pp)
52203006,,2758,50.41896097677759,60.33,9.91,1664,Substantial Increase (>5pp)
52204001,KZN224 - iMpendle,2632,55.610357583230574,62.91,7.3,1656,Substantial Increase (>5pp)
52204002,KZN224 - iMpendle,3561,54.199360650973546,63.34,9.14,2256,Substantial Increase (>5pp)
52204003,KZN224 - iMpendle,3103,53.19221577330146,63.6,10.41,1974,Substantial Increase (>5pp)
52204004,KZN224 - iMpendle,3294,53.956204379562045,63.28,9.32,2084,Substantial Increase (>5pp)
52204005,KZN224 - iMpendle,3123,55.26239489707161,63.2,7.94,1974,Substantial Increase (>5pp)
52204006,,2884,50.41896097677759,60.33,9.91,1740,Substantial Increase (>5pp)
52205001,KZN225 - Msunduzi,8819,56.08333333333333,63.96,7.88,5641,Substantial Increase (>5pp)
52205002,KZN225 - Msunduzi,7948,57.32431312991855,64.47,7.15,5124,Substantial Increase (>5pp)
52205003,KZN225 - Msunduzi,10072,59.39610647596345,65.76,6.36,6623,Substantial Increase (>5pp)
52205004,KZN225 - Msunduzi,7760,52.39917976760082,62.12,9.72,4821,Substantial Increase (>5pp)
52205005,KZN225 - Msunduzi,10393,50.71611799914494,60.44,9.72,6282,Substantial Increase (>5pp)
52205006,KZN225 - Msunduzi,8985,50.96071472280015,60.58,9.62,5443,Substantial Increase (>5pp)
52205007,KZN225 - Msunduzi,8508,48.100936524453694,60.18,12.08,5120,Substantial Increase (>5pp)
52205008,KZN225 - Msunduzi,7887,53.25634483684705,63.96,10.7,5045,Substantial Increase (>5pp)
52205009,KZN225 - Msunduzi,8961,52.13281342313601,60.95,8.82,5462,Substantial Increase (>5pp)
52205010,KZN225 - Msunduzi,8002,47.30077120822622,60.29,12.99,4824,Substantial Increase (>5pp)
52205011,KZN225 - Msunduzi,10060,49.643123468626825,60.25,10.61,6061,Substantial Increase (>5pp)
52205012,KZN225 - Msunduzi,7910,45.28806309316936,57.3,12.01,4532,Substantial Increase (>5pp)
52205013,KZN225 - Msunduzi,8759,42.68104776579353,59.49,16.81,5211,Substantial Increase (>5pp)
52205014,KZN225 - Msunduzi,8156,45.49606698807409,59.58,14.08,4859,Substantial Increase (>5pp)
52205015,KZN225 - Msunduzi,9317,41.59596704782983,55.72,14.12,5191,Substantial Increase (>5pp)
52205016,KZN225 - Msunduzi,9775,40.62856418704854,55.95,15.32,5469,Substantial Increase (>5pp)
52205017,KZN225 - Msunduzi,9843,40.98260975313146,55.64,14.66,5477,Substantial Increase (>5pp)
52205018,KZN225 - Msunduzi,8108,45.361328125,59.67,14.31,4838,Substantial Increase (>5pp)
52205019,KZN225 - Msunduzi,8962,39.06960873521383,59.7,20.63,5350,Substantial Increase (>5pp)
52205020,KZN225 - Msunduzi,8047,45.54945790389506,56.14,10.59,4518,Substantial Increase (>5pp)
52205021,KZN225 - Msunduzi,8125,49.18243852195185,60.33,11.15,4902,Substantial Increase (>5pp)
52205022,KZN225 - Msunduzi,8911,41.78436911487759,59.49,17.71,5301,Substantial Increase (>5pp)
52205023,KZN225 - Msunduzi,8700,43.4920248386704,57.87,14.38,5035,Substantial Increase (>5pp)
52205024,KZN225 - Msunduzi,10266,33.82369455362156,57.38,23.56,5891,Substantial Increase (>5pp)
52205025,KZN225 - Msunduzi,8482,55.56424289809747,64.01,8.45,5429,Substantial Increase (>5pp)
52205026,KZN225 - Msunduzi,9504,51.88844971453667,60.66,8.77,5765,Substantial Increase (>5pp)
52205027,KZN225 - Msunduzi,9065,30.82427017744705,59.53,28.71,5396,Substantial Increase (>5pp)
52205028,KZN225 - Msunduzi,9669,43.01638613309553,56.89,13.87,5501,Substantial Increase (>5pp)
52205029,KZN225 - Msunduzi,7970,44.86341349521364,59.59,14.73,4749,Substantial Increase (>5pp)
52205030,KZN225 - Msunduzi,10296,48.64133263925039,60.56,11.92,6235,Substantial Increase (>5pp)
52205031,KZN225 - Msunduzi,9412,41.43511125306079,59.61,18.17,5610,Substantial Increase (>5pp)
52205032,KZN225 - Msunduzi,10127,42.58313471796618,55.51,12.93,5621,Substantial Increase (>5pp)
52205033,KZN225 - Msunduzi,9982,36.88497882046269,57.21,20.33,5711,Substantial Increase (>5pp)
52205034,KZN225 - Msunduzi,8973,38.424540401881146,59.62,21.2,5350,Substantial Increase (>5pp)
52205035,KZN225 - Msunduzi,9849,50.58925289220456,60.36,9.77,5945,Substantial Increase (>5pp)
52205036,KZN225 - Msunduzi,9825,45.56167541949532,55.08,9.52,5412,Substantial Increase (>5pp)
52205037,KZN225 - Msunduzi,8754,45.12367038318595,54.55,9.43,4775,Substantial Increase (>5pp)
52205038,KZN225 - Msunduzi,7781,46.92179700499168,55.88,8.96,4348,Substantial Increase (>5pp)
52205039,KZN225 - Msunduzi,7560,51.8176810795924,60.66,8.84,4586,Substantial Increase (>5pp)
52205040,KZN225 - Msunduzi,7006,53.099519714062325,63.18,10.08,4426,Substantial Increase (>5pp)
52205041,KZN225 - Msunduzi,9737,42.94441782462866,55.55,12.61,5409,Substantial Increase (>5pp)
52206001,KZN226 - Mkhambathini,4470,49.88873153955088,60.03,10.14,2683,Substantial Increase (>5pp)
52206002,KZN226 - Mkhambathini,4455,16.83794466403162,57.12,40.28,2545,Substantial Increase (>5pp)
52206003,KZN226 - Mkhambathini,4937,44.6157007809289,59.68,15.06,2946,Substantial Increase (>5pp)
52206004,KZN226 - Mkhambathini,4252,47.76684330052991,60.15,12.38,2558,Substantial Increase (>5pp)
52206005,KZN226 - Mkhambathini,4220,18.712610672409667,57.7,38.99,2435,Substantial Increase (>5pp)
52206006,KZN226 - Mkhambathini,3957,51.97383261899391,60.48,8.51,2393,Substantial Increase (>5pp)
52206007,KZN226 - Mkhambathini,5121,47.08366323568224,60.41,13.33,3094,Substantial Increase (>5pp)
52206008,,5187,50.41896097677759,60.33,9.91,3129,Substantial Increase (>5pp)
52206009,,4137,50.41896097677759,60.33,9.91,2496,Substantial Increase (>5pp)
52206010,,3857,50.41896097677759,60.33,9.91,2327,Substantial Increase (>5pp)
52207001,KZN227 - Richmond,4423,44.60256149623908,59.54,14.94,2633,Substantial Increase (>5pp)
52207002,KZN227 - Richmond,5059,39.04467221040418,59.7,20.66,3020,Substantial Increase (>5pp)
52207003,KZN227 - Richmond,3792,51.572465361777,60.46,8.89,2293,Substantial Increase (>5pp)
52207004,KZN227 - Richmond,4626,52.69434628975264,62.09,9.4,2872,Substantial Increase (>5pp)
52207005,KZN227 - Richmond,3703,52.82093213409649,62.33,9.51,2308,Substantial Increase (>5pp)
52207006,KZN227 - Richmond,3904,55.37989617744219,63.2,7.82,2467,Substantial Increase (>5pp)
52207007,KZN227 - Richmond,3976,46.73072416217483,59.57,12.84,2369,Substantial Increase (>5pp)
52207008,,4066,50.41896097677759,60.33,9.91,2453,Substantial Increase (>5pp)
52207009,,4957,50.41896097677759,60.33,9.91,2991,Substantial Increase (>5pp)
52305001,KZN235 - Okhahlamba,4726,55.223880597014926,64.31,9.09,3039,Substantial Increase (>5pp)
52305002,KZN235 - Okhahlamba,5678,60.01333629695488,65.85,5.84,3739,Substantial Increase (>5pp)
52305003,KZN235 - Okhahlamba,4487,57.4621306183263,64.4,6.94,2890,Substantial Increase (>5pp)
52305004,KZN235 - Okhahlamba,5417,57.41980152319409,65.32,7.9,3538,Substantial Increase (>5pp)
52305005,KZN235 - Okhahlamba,4371,50.61839442320666,60.14,9.52,2629,Substantial Increase (>5pp)
52305006,KZN235 - Okhahlamba,4539,50.08415484491464,60.25,10.17,2735,Substantial Increase (>5pp)
52305007,KZN235 - Okhahlamba,4713,45.463760770400405,54.86,9.4,2586,Substantial Increase (>5pp)
52305008,KZN235 - Okhahlamba,4673,52.95654238898124,63.22,10.26,2954,Substantial Increase (>5pp)
52305009,KZN235 - Okhahlamba,4266,53.98104265402844,63.31,9.33,2701,Substantial Increase (>5pp)
52305010,KZN235 - Okhahlamba,4734,53.80088278567925,64.33,10.53,3045,Substantial Increase (>5pp)
52305011,KZN235 - Okhahlamba,4200,52.4130493394446,62.22,9.81,2613,Substantial Increase (>5pp)
52305012,KZN235 - Okhahlamba,4489,55.88442565186751,63.65,7.77,2857,Substantial Increase (>5pp)
52305013,KZN235 - Okhahlamba,3734,55.2964881980426,63.73,8.43,2380,Substantial Increase (>5pp)
52305014,KZN235 - Okhahlamba,4735,59.67174677608441,64.92,5.25,3074,Substantial Increase (>5pp)
52305015,KZN235 - Okhahlamba,3987,55.71266968325792,64.22,8.51,2560,Substantial Increase (>5pp)
52307001,KZN237 - iNkosi Langalibalele,4121,56.04657316750463,64.06,8.01,2640,Substantial Increase (>5pp)
52307002,KZN237 - iNkosi Langalibalele,4677,51.1352885525071,60.58,9.44,2833,Substantial Increase (>5pp)
52307003,KZN237 - iNkosi Langalibalele,3748,50.02666666666666,60.12,10.09,2253,Substantial Increase (>5pp)
52307004,KZN237 - iNkosi Langalibalele,4629,54.460877862595424,63.94,9.48,2960,Substantial Increase (>5pp)
52307005,KZN237 - iNkosi Langalibalele,4536,53.301762694027886,64.44,11.14,2923,Substantial Increase (>5pp)
52307006,KZN237 - iNkosi Langalibalele,4943,58.03415061295972,64.37,6.34,3182,Substantial Increase (>5pp)
52307007,KZN237 - iNkosi Langalibalele,4717,47.46791131855309,60.25,12.78,2842,Substantial Increase (>5pp)
52307008,KZN237 - iNkosi Langalibalele,4839,55.72413793103448,64.06,8.34,3100,Substantial Increase (>5pp)
52307009,KZN237 - iNkosi Langalibalele,5184,55.71720845646738,64.48,8.76,3343,Substantial Increase (>5pp)
52307010,KZN237 - iNkosi Langalibalele,4345,43.3759246805649,59.64,16.26,2591,Substantial Increase (>5pp)
52307011,KZN237 - iNkosi Langalibalele,4724,48.33294474236418,60.19,11.86,2843,Substantial Increase (>5pp)
52307012,KZN237 - iNkosi Langalibalele,4246,49.935517152437455,60.25,10.31,2558,Substantial Increase (>5pp)
52307013,KZN237 - iNkosi Langalibalele,4794,57.130184076291854,64.1,6.97,3073,Substantial Increase (>5pp)
52307014,KZN237 - iNkosi Langalibalele,3578,55.18827249209542,63.24,8.05,2263,Substantial Increase (>5pp)
52307015,KZN237 - iNkosi Langalibalele,4673,57.90105667627281,64.58,6.68,3018,Substantial Increase (>5pp)
52307016,KZN237 - iNkosi Langalibalele,4844,50.60737527114968,60.22,9.61,2917,Substantial Increase (>5pp)
52307017,KZN237 - iNkosi Langalibalele,4773,49.95037220843672,60.25,10.3,2876,Substantial Increase (>5pp)
52307018,KZN237 - iNkosi Langalibalele,5512,52.365038560411314,61.98,9.61,3416,Substantial Increase (>5pp)
52307019,KZN237 - iNkosi Langalibalele,4369,50.12130033964095,60.12,10.0,2627,Substantial Increase (>5pp)
52307020,KZN237 - iNkosi Langalibalele,3957,61.87263896384242,66.05,4.18,2614,Moderate Increase (1-5pp)
52307021,KZN237 - iNkosi Langalibalele,4916,64.08559452900948,66.35,2.26,3262,Moderate Increase (1-5pp)
52307022,KZN237 - iNkosi Langalibalele,5046,68.97175141242938,69.95,0.98,3530,Stable (±1pp)
52307023,KZN237 - iNkosi Langalibalele,5366,57.32365145228216,64.4,7.08,3456,Substantial Increase (>5pp)
52307024,KZN237 - iNkosi Langalibalele,3666,55.14176893779095,64.35,9.21,2359,Substantial Increase (>5pp)
52308001,KZN238 - Alfred Duma,5020,55.52065716356608,64.31,8.79,3228,Substantial Increase (>5pp)
52308002,KZN238 - Alfred Duma,4411,48.01237800523685,60.05,12.04,2649,Substantial Increase (>5pp)
52308003,KZN238 - Alfred Duma,4705,46.67639091477391,59.7,13.02,2809,Substantial Increase (>5pp)
52308004,KZN238 - Alfred Duma,3598,54.30076067875951,63.53,9.23,2286,Substantial Increase (>5pp)
52308005,KZN238 - Alfred Duma,4772,56.83352735739232,64.4,7.57,3073,Substantial Increase (>5pp)
52308006,KZN238 - Alfred Duma,4303,49.93595217762596,59.98,10.04,2581,Substantial Increase (>5pp)
52308007,KZN238 - Alfred Duma,5818,50.07627765064836,60.25,10.17,3505,Substantial Increase (>5pp)
52308008,KZN238 - Alfred Duma,5630,47.35279564571994,60.48,13.13,3405,Substantial Increase (>5pp)
52308009,KZN238 - Alfred Duma,5762,50.47054009819967,60.33,9.86,3476,Substantial Increase (>5pp)
52308010,KZN238 - Alfred Duma,5619,35.36053374390557,56.83,21.47,3193,Substantial Increase (>5pp)
52308011,KZN238 - Alfred Duma,5811,51.05460279913267,60.58,9.53,3520,Substantial Increase (>5pp)
52308012,KZN238 - Alfred Duma,5608,50.21946811257423,60.41,10.19,3388,Substantial Increase (>5pp)
52308013,KZN238 - Alfred Duma,4117,48.4599044078598,60.27,11.81,2481,Substantial Increase (>5pp)
52308014,KZN238 - Alfred Duma,5236,60.05482182905557,65.87,5.82,3449,Substantial Increase (>5pp)
52308015,KZN238 - Alfred Duma,4718,63.85798816568047,66.52,2.66,3138,Moderate Increase (1-5pp)
52308016,KZN238 - Alfred Duma,4504,56.213017751479285,64.15,7.94,2889,Substantial Increase (>5pp)
52308017,KZN238 - Alfred Duma,4542,58.42424242424242,64.46,6.04,2928,Substantial Increase (>5pp)
52308018,KZN238 - Alfred Duma,3275,55.16262261228704,63.1,7.94,2067,Substantial Increase (>5pp)
52308019,KZN238 - Alfred Duma,4482,50.699549442731794,60.25,9.55,2700,Substantial Increase (>5pp)
52308020,KZN238 - Alfred Duma,4868,51.11791009649329,60.58,9.46,2949,Substantial Increase (>5pp)
52308021,KZN238 - Alfred Duma,4593,42.40050804403048,59.58,17.18,2737,Substantial Increase (>5pp)
52308022,KZN238 - Alfred Duma,5467,40.7205982324949,56.12,15.4,3068,Substantial Increase (>5pp)
52308023,KZN238 - Alfred Duma,4694,61.091753774680605,65.56,4.47,3077,Moderate Increase (1-5pp)
52308024,KZN238 - Alfred Duma,4762,52.113299402522685,60.82,8.71,2896,Substantial Increase (>5pp)
52308025,KZN238 - Alfred Duma,5093,53.1299080098721,64.26,11.13,3273,Substantial Increase (>5pp)
52308026,KZN238 - Alfred Duma,3854,54.39047174217655,63.18,8.79,2435,Substantial Increase (>5pp)
52308027,KZN238 - Alfred Duma,4962,56.41176470588235,63.79,7.38,3165,Substantial Increase (>5pp)
52308028,KZN238 - Alfred Duma,5064,57.617000955109845,65.32,7.7,3308,Substantial Increase (>5pp)
52308029,KZN238 - Alfred Duma,5143,64.53001674240613,66.69,2.16,3430,Moderate Increase (1-5pp)
52308030,KZN238 - Alfred Duma,4595,56.49771799183281,64.62,8.12,2969,Substantial Increase (>5pp)
52308031,KZN238 - Alfred Duma,4457,57.06126687435099,65.26,8.2,2909,Substantial Increase (>5pp)
52308032,KZN238 - Alfred Duma,5466,50.27403035413154,60.29,10.02,3295,Substantial Increase (>5pp)
52308033,KZN238 - Alfred Duma,5114,59.395203336809175,64.72,5.32,3310,Substantial Increase (>5pp)
52308034,KZN238 - Alfred Duma,4743,52.37230419977299,61.67,9.3,2925,Substantial Increase (>5pp)
52308035,KZN238 - Alfred Duma,6399,50.96504005826657,60.58,9.61,3877,Substantial Increase (>5pp)
52308036,KZN238 - Alfred Duma,5437,48.687722419928825,60.64,11.95,3297,Substantial Increase (>5pp)
52308037,KZN238 - Alfred Duma,4693,62.394303515798846,66.02,3.63,3098,Moderate Increase (1-5pp)
52401001,KZN241 - eNdumeni,4176,57.80620705993841,63.53,5.72,2653,Substantial Increase (>5pp)
52401002,KZN241 - eNdumeni,5144,45.67046016823355,55.27,9.6,2843,Substantial Increase (>5pp)
52401003,KZN241 - eNdumeni,4039,57.53572975313988,63.39,5.85,2560,Substantial Increase (>5pp)
52401004,KZN241 - eNdumeni,4296,46.39537804571716,55.92,9.52,2402,Substantial Increase (>5pp)
52401005,KZN241 - eNdumeni,4478,45.32915360501568,59.52,14.19,2665,Substantial Increase (>5pp)
52401006,KZN241 - eNdumeni,5486,44.46778711484593,56.0,11.53,3072,Substantial Increase (>5pp)
52401007,KZN241 - eNdumeni,5173,49.49920927780707,60.45,10.95,3127,Substantial Increase (>5pp)
52401008,,3132,50.41896097677759,60.33,9.91,1890,Substantial Increase (>5pp)
52402001,KZN242 - Nqutu,4505,59.95174909529554,64.97,5.02,2927,Substantial Increase (>5pp)
52402002,KZN242 - Nqutu,3783,57.82807868499057,63.53,5.7,2403,Substantial Increase (>5pp)
52402003,KZN242 - Nqutu,3770,54.59108973018198,63.08,8.49,2378,Substantial Increase (>5pp)
52402004,KZN242 - Nqutu,4480,48.51364522417154,60.27,11.76,2700,Substantial Increase (>5pp)
52402005,KZN242 - Nqutu,4619,46.23067776456599,54.62,8.39,2523,Substantial Increase (>5pp)
52402006,KZN242 - Nqutu,4875,50.605798355690176,60.22,9.61,2936,Substantial Increase (>5pp)
52402007,KZN242 - Nqutu,4214,51.54406226462466,60.55,9.01,2552,Substantial Increase (>5pp)
52402008,KZN242 - Nqutu,3535,51.42237222757956,60.38,8.96,2134,Substantial Increase (>5pp)
52402009,KZN242 - Nqutu,5166,46.94152519536513,60.41,13.47,3121,Substantial Increase (>5pp)
52402010,KZN242 - Nqutu,4223,53.98904501071684,63.31,9.32,2674,Substantial Increase (>5pp)
52402011,KZN242 - Nqutu,4706,55.78041993422717,64.48,8.7,3034,Substantial Increase (>5pp)
52402012,KZN242 - Nqutu,4997,54.20539560190433,64.08,9.87,3202,Substantial Increase (>5pp)
52402013,KZN242 - Nqutu,4019,56.54898683935659,63.4,6.85,2548,Substantial Increase (>5pp)
52402014,KZN242 - Nqutu,4551,52.110660624850944,60.95,8.84,2774,Substantial Increase (>5pp)
52402015,KZN242 - Nqutu,4830,52.946883337375695,63.46,10.51,3065,Substantial Increase (>5pp)
52402016,KZN242 - Nqutu,4804,53.235863255213935,63.46,10.22,3049,Substantial Increase (>5pp)
52402017,KZN242 - Nqutu,4435,51.67487684729064,60.68,9.01,2691,Substantial Increase (>5pp)
52402018,KZN242 - Nqutu,3793,52.236346516007536,61.34,9.1,2327,Substantial Increase (>5pp)
52402019,KZN242 - Nqutu,4489,53.275821869899744,63.68,10.4,2859,Substantial Increase (>5pp)
52402020,,4649,50.41896097677759,60.33,9.91,2805,Substantial Increase (>5pp)
52404001,KZN244 - uMsinga,4171,52.4822695035461,61.88,9.4,2581,Substantial Increase (>5pp)
52404002,KZN244 - uMsinga,4443,51.87542623323482,60.53,8.65,2689,Substantial Increase (>5pp)
52404003,KZN244 - uMsinga,5668,60.4618753732829,65.59,5.13,3718,Substantial Increase (>5pp)
52404004,KZN244 - uMsinga,6034,54.50945886493621,64.35,9.84,3883,Substantial Increase (>5pp)
52404005,KZN244 - uMsinga,4529,58.599735799207394,65.36,6.76,2960,Substantial Increase (>5pp)
52404006,KZN244 - uMsinga,4991,53.792761527020325,64.39,10.6,3214,Substantial Increase (>5pp)
52404007,KZN244 - uMsinga,5316,53.59274817598939,64.88,11.29,3449,Substantial Increase (>5pp)
52404008,KZN244 - uMsinga,4485,59.08056440600819,63.62,4.54,2853,Moderate Increase (1-5pp)
52404009,KZN244 - uMsinga,4768,54.02735562310031,64.35,10.32,3068,Substantial Increase (>5pp)
52404010,KZN244 - uMsinga,4224,58.79754601226994,63.62,4.82,2687,Moderate Increase (1-5pp)
52404011,KZN244 - uMsinga,5180,62.9344529974341,66.93,4.0,3467,Moderate Increase (1-5pp)
52404012,KZN244 - uMsinga,4898,59.52718676122931,65.65,6.12,3216,Substantial Increase (>5pp)
52404013,KZN244 - uMsinga,4485,57.30337078651685,64.22,6.92,2880,Substantial Increase (>5pp)
52404014,KZN244 - uMsinga,4100,58.88256034716572,64.48,5.6,2644,Substantial Increase (>5pp)
52404015,KZN244 - uMsinga,4893,50.35652815343005,60.38,10.02,2954,Substantial Increase (>5pp)
52404016,KZN244 - uMsinga,4083,52.55936675461741,62.22,9.66,2540,Substantial Increase (>5pp)
52404017,KZN244 - uMsinga,4551,55.5650441218332,64.31,8.74,2927,Substantial Increase (>5pp)
52404018,KZN244 - uMsinga,5188,50.58710759645339,60.41,9.82,3134,Substantial Increase (>5pp)
52404019,KZN244 - uMsinga,4009,51.6751541141785,60.58,8.9,2429,Substantial Increase (>5pp)
52404020,KZN244 - uMsinga,4023,51.89245627773428,60.53,8.64,2435,Substantial Increase (>5pp)
52404021,KZN244 - uMsinga,4111,54.75125032903395,63.76,9.01,2621,Substantial Increase (>5pp)
52405001,KZN245 - uMvoti,4773,56.58720200752823,63.55,6.96,3033,Substantial Increase (>5pp)
52405002,KZN245 - uMvoti,4414,51.72964342735498,60.68,8.95,2678,Substantial Increase (>5pp)
52405003,KZN245 - uMvoti,4011,62.420907840440165,66.17,3.75,2654,Moderate Increase (1-5pp)
52405004,KZN245 - uMvoti,4538,53.64778487987657,63.59,9.94,2886,Substantial Increase (>5pp)
52405005,KZN245 - uMvoti,5297,52.8658125421443,63.46,10.59,3361,Substantial Increase (>5pp)
52405006,KZN245 - uMvoti,4862,55.512616503750856,63.94,8.43,3109,Substantial Increase (>5pp)
52405007,KZN245 - uMvoti,5922,56.278674596431614,63.74,7.46,3775,Substantial Increase (>5pp)
52405008,KZN245 - uMvoti,3760,61.50997150997151,65.68,4.17,2470,Moderate Increase (1-5pp)
52405009,KZN245 - uMvoti,4497,52.73679200380771,62.35,9.61,2804,Substantial Increase (>5pp)
52405010,KZN245 - uMvoti,4192,39.041302381670185,56.81,17.77,2381,Substantial Increase (>5pp)
52405011,KZN245 - uMvoti,5163,56.72823218997362,65.1,8.37,3361,Substantial Increase (>5pp)
52405012,KZN245 - uMvoti,4917,53.91048824593129,64.0,10.09,3147,Substantial Increase (>5pp)
52405013,KZN245 - uMvoti,4142,57.49235474006116,65.18,7.69,2700,Substantial Increase (>5pp)
52405014,KZN245 - uMvoti,5159,60.296096904441455,65.83,5.53,3396,Substantial Increase (>5pp)
52502001,KZN252 - Newcastle,5341,43.00834520659475,55.47,12.46,2963,Substantial Increase (>5pp)
52502002,KZN252 - Newcastle,5488,53.59920239282153,64.6,11.0,3545,Substantial Increase (>5pp)
52502003,KZN252 - Newcastle,4526,44.481605351170565,59.68,15.2,2701,Substantial Increase (>5pp)
52502004,KZN252 - Newcastle,4597,47.89971409720695,60.05,12.15,2760,Substantial Increase (>5pp)
52502005,KZN252 - Newcastle,4023,30.37112700034048,54.54,24.17,2194,Substantial Increase (>5pp)
52502006,KZN252 - Newcastle,5367,50.70322236069076,60.17,9.47,3229,Substantial Increase (>5pp)
52502007,KZN252 - Newcastle,5195,39.69014534419421,59.34,19.65,3083,Substantial Increase (>5pp)
52502008,KZN252 - Newcastle,5754,47.93500338524036,60.33,12.39,3471,Substantial Increase (>5pp)
52502009,KZN252 - Newcastle,6288,45.40677658996195,54.66,9.25,3437,Substantial Increase (>5pp)
52502010,KZN252 - Newcastle,4937,45.24147727272727,54.86,9.62,2708,Substantial Increase (>5pp)
52502011,KZN252 - Newcastle,5435,47.33434060004317,60.33,13.0,3279,Substantial Increase (>5pp)
52502012,KZN252 - Newcastle,5111,48.69292436388986,60.34,11.65,3084,Substantial Increase (>5pp)
52502013,KZN252 - Newcastle,6573,44.03435468895079,56.29,12.26,3700,Substantial Increase (>5pp)
52502014,KZN252 - Newcastle,5634,46.53910149750416,59.57,13.03,3356,Substantial Increase (>5pp)
52502015,KZN252 - Newcastle,5396,48.19654992158912,59.91,11.71,3233,Substantial Increase (>5pp)
52502016,KZN252 - Newcastle,5293,49.77218880991434,60.04,10.27,3178,Substantial Increase (>5pp)
52502017,KZN252 - Newcastle,6037,48.6639260020555,60.43,11.77,3648,Substantial Increase (>5pp)
52502018,KZN252 - Newcastle,6431,52.51452282157676,62.23,9.72,4002,Substantial Increase (>5pp)
52502019,KZN252 - Newcastle,7283,45.80634162973065,55.01,9.2,4006,Substantial Increase (>5pp)
52502020,KZN252 - Newcastle,6207,45.05347593582888,55.26,10.21,3430,Substantial Increase (>5pp)
52502021,KZN252 - Newcastle,5290,46.181242580134544,59.45,13.27,3145,Substantial Increase (>5pp)
52502022,KZN252 - Newcastle,4888,37.37742741780427,59.58,22.2,2912,Substantial Increase (>5pp)
52502023,KZN252 - Newcastle,6148,42.260093325218094,55.98,13.72,3442,Substantial Increase (>5pp)
52502024,KZN252 - Newcastle,7057,38.30076465590484,56.46,18.16,3984,Substantial Increase (>5pp)
52502025,KZN252 - Newcastle,5882,41.09024278515804,56.38,15.29,3316,Substantial Increase (>5pp)
52502026,KZN252 - Newcastle,5889,37.58603323820715,59.71,22.12,3516,Substantial Increase (>5pp)
52502027,KZN252 - Newcastle,6065,42.18618009798952,59.58,17.39,3614,Substantial Increase (>5pp)
52502028,KZN252 - Newcastle,6794,36.978390461997016,56.46,19.48,3836,Substantial Increase (>5pp)
52502029,KZN252 - Newcastle,4484,41.98884758364312,59.48,17.49,2667,Substantial Increase (>5pp)
52502030,KZN252 - Newcastle,5451,46.73505622410732,56.14,9.4,3060,Substantial Increase (>5pp)
52502031,KZN252 - Newcastle,5818,43.38022740412411,55.38,12.0,3222,Substantial Increase (>5pp)
52502032,KZN252 - Newcastle,4742,44.138044914134746,59.61,15.47,2827,Substantial Increase (>5pp)
52502033,KZN252 - Newcastle,5096,45.02116982907323,59.41,14.39,3028,Substantial Increase (>5pp)
52502034,KZN252 - Newcastle,5111,46.643658326143225,59.63,12.99,3048,Substantial Increase (>5pp)
52502035,,6993,50.41896097677759,60.33,9.91,4219,Substantial Increase (>5pp)
52502036,,4902,50.41896097677759,60.33,9.91,2957,Substantial Increase (>5pp)
52503001,KZN253 - eMadlangeni,2827,47.82608695652174,60.18,12.35,1701,Substantial Increase (>5pp)
52503002,KZN253 - eMadlangeni,2799,49.06576980568012,60.36,11.29,1689,Substantial Increase (>5pp)
52503003,KZN253 - eMadlangeni,3204,53.22108345534407,64.25,11.03,2059,Substantial Increase (>5pp)
52503004,KZN253 - eMadlangeni,2673,52.575697994494696,62.09,9.51,1660,Substantial Increase (>5pp)
52503005,KZN253 - eMadlangeni,3294,63.45914558274575,67.07,3.61,2209,Moderate Increase (1-5pp)
52503006,KZN253 - eMadlangeni,2897,49.93097100782329,60.33,10.4,1748,Substantial Increase (>5pp)
52504001,KZN254 - Dannhauser,4743,39.46713147410358,56.54,17.07,2682,Substantial Increase (>5pp)
52504002,KZN254 - Dannhauser,4891,47.95646379386939,60.18,12.22,2943,Substantial Increase (>5pp)
52504003,KZN254 - Dannhauser,4049,54.65367965367965,63.84,9.19,2585,Substantial Increase (>5pp)
52504004,KZN254 - Dannhauser,3958,38.21161587119034,56.47,18.26,2235,Substantial Increase (>5pp)
52504005,KZN254 - Dannhauser,5589,51.04166666666666,60.7,9.66,3393,Substantial Increase (>5pp)
52504006,KZN254 - Dannhauser,3852,45.0795362631437,59.55,14.47,2294,Substantial Increase (>5pp)
52504007,KZN254 - Dannhauser,4788,47.5,60.37,12.87,2891,Substantial Increase (>5pp)
52504008,KZN254 - Dannhauser,4624,48.23143001515917,60.24,12.01,2785,Substantial Increase (>5pp)
52504009,KZN254 - Dannhauser,5671,48.824061510628674,60.64,11.82,3439,Substantial Increase (>5pp)
52504010,KZN254 - Dannhauser,3694,49.4111992309541,60.11,10.7,2220,Substantial Increase (>5pp)
52504011,KZN254 - Dannhauser,3379,49.07175112895133,60.2,11.13,2034,Substantial Increase (>5pp)
52504012,KZN254 - Dannhauser,3817,47.78481012658228,60.05,12.27,2292,Substantial Increase (>5pp)
52504013,KZN254 - Dannhauser,4130,44.85795454545455,55.61,10.75,2297,Substantial Increase (>5pp)
52601001,KZN261 - eDumbe,3692,63.96028037383178,66.35,2.39,2450,Moderate Increase (1-5pp)
52601002,KZN261 - eDumbe,4579,55.23242500572475,63.53,8.3,2909,Substantial Increase (>5pp)
52601003,KZN261 - eDumbe,5294,52.82258064516129,63.41,10.59,3357,Substantial Increase (>5pp)
52601004,KZN261 - eDumbe,5077,52.91342297711724,63.52,10.61,3225,Substantial Increase (>5pp)
52601005,KZN261 - eDumbe,4555,58.515376458112414,63.6,5.08,2897,Substantial Increase (>5pp)
52601006,KZN261 - eDumbe,4853,56.921995783555865,65.0,8.08,3154,Substantial Increase (>5pp)
52601007,KZN261 - eDumbe,3850,51.63414634146341,60.44,8.81,2327,Substantial Increase (>5pp)
52601008,KZN261 - eDumbe,3894,60.84774121583938,65.56,4.71,2553,Moderate Increase (1-5pp)
52601009,KZN261 - eDumbe,3920,60.58913153885221,64.6,4.01,2532,Moderate Increase (1-5pp)
52601010,KZN261 - eDumbe,4894,57.12682379349046,65.37,8.24,3199,Substantial Increase (>5pp)
52602001,KZN262 - uPhongolo,4248,54.73470423965473,63.76,9.03,2709,Substantial Increase (>5pp)
52602002,KZN262 - uPhongolo,5555,51.76470588235295,60.76,9.0,3375,Substantial Increase (>5pp)
52602003,KZN262 - uPhongolo,4944,55.78635014836796,64.54,8.75,3191,Substantial Increase (>5pp)
52602004,KZN262 - uPhongolo,4591,52.24295355299722,61.37,9.13,2817,Substantial Increase (>5pp)
52602005,KZN262 - uPhongolo,4306,53.09973045822103,64.07,10.97,2759,Substantial Increase (>5pp)
52602006,KZN262 - uPhongolo,4967,62.3773173391494,66.17,3.79,3287,Moderate Increase (1-5pp)
52602007,KZN262 - uPhongolo,6003,49.584176219375145,60.37,10.79,3624,Substantial Increase (>5pp)
52602008,KZN262 - uPhongolo,5053,54.71132216945763,64.31,9.6,3250,Substantial Increase (>5pp)
52602009,KZN262 - uPhongolo,5740,50.37284144427001,60.29,9.92,3461,Substantial Increase (>5pp)
52602010,KZN262 - uPhongolo,5240,55.70212765957447,63.98,8.28,3353,Substantial Increase (>5pp)
52602011,KZN262 - uPhongolo,5661,58.59263778726866,65.3,6.71,3697,Substantial Increase (>5pp)
52602012,KZN262 - uPhongolo,4519,51.50510204081633,60.68,9.17,2742,Substantial Increase (>5pp)
52602013,KZN262 - uPhongolo,4420,52.50721974271463,62.43,9.92,2759,Substantial Increase (>5pp)
52602014,KZN262 - uPhongolo,4198,50.33222591362127,60.16,9.83,2526,Substantial Increase (>5pp)
52602015,KZN262 - uPhongolo,3912,58.63746958637469,65.3,6.66,2555,Substantial Increase (>5pp)
52603001,KZN263 - AbaQulusi,4527,46.53821723480839,59.68,13.14,2702,Substantial Increase (>5pp)
52603002,KZN263 - AbaQulusi,3824,46.23430962343097,59.59,13.36,2279,Substantial Increase (>5pp)
52603003,KZN263 - AbaQulusi,5132,47.39034550355305,60.41,13.02,3100,Substantial Increase (>5pp)
52603004,KZN263 - AbaQulusi,4928,52.4859287054409,62.43,9.94,3077,Substantial Increase (>5pp)
52603005,KZN263 - AbaQulusi,4696,43.48206474190726,59.64,16.16,2801,Substantial Increase (>5pp)
52603006,KZN263 - AbaQulusi,5960,53.40635853593374,65.0,11.59,3874,Substantial Increase (>5pp)
52603007,KZN263 - AbaQulusi,4719,44.88479262672811,55.34,10.46,2611,Substantial Increase (>5pp)
52603008,KZN263 - AbaQulusi,5309,44.20787545787546,55.96,11.75,2971,Substantial Increase (>5pp)
52603009,KZN263 - AbaQulusi,4064,48.01615585649798,59.97,11.95,2437,Substantial Increase (>5pp)
52603010,KZN263 - AbaQulusi,4888,40.155512357678425,56.86,16.7,2779,Substantial Increase (>5pp)
52603011,KZN263 - AbaQulusi,3644,42.00398142003981,59.54,17.54,2170,Substantial Increase (>5pp)
52603012,KZN263 - AbaQulusi,5273,54.0318686624819,64.35,10.32,3393,Substantial Increase (>5pp)
52603013,KZN263 - AbaQulusi,4395,41.95574979513794,55.85,13.89,2455,Substantial Increase (>5pp)
52603014,KZN263 - AbaQulusi,4969,50.49097967572506,60.33,9.84,2998,Substantial Increase (>5pp)
52603015,KZN263 - AbaQulusi,4049,49.48428879827297,60.12,10.64,2434,Substantial Increase (>5pp)
52603016,KZN263 - AbaQulusi,4400,43.6173001310616,55.66,12.04,2449,Substantial Increase (>5pp)
52603017,KZN263 - AbaQulusi,5596,49.75609756097561,60.25,10.49,3372,Substantial Increase (>5pp)
52603018,KZN263 - AbaQulusi,4400,46.40039447731756,55.35,8.95,2435,Substantial Increase (>5pp)
52603019,KZN263 - AbaQulusi,4188,48.61396303901437,60.53,11.92,2535,Substantial Increase (>5pp)
52603020,KZN263 - AbaQulusi,4714,38.84444444444444,59.8,20.96,2819,Substantial Increase (>5pp)
52603021,KZN263 - AbaQulusi,4967,50.98774693673418,60.66,9.67,3013,Substantial Increase (>5pp)
52603022,KZN263 - AbaQulusi,5042,44.423305588585016,55.71,11.29,2809,Substantial Increase (>5pp)
52603023,KZN263 - AbaQulusi,5818,52.527627557018576,62.51,9.98,3637,Substantial Increase (>5pp)
52603024,,3108,50.41896097677759,60.33,9.91,1875,Substantial Increase (>5pp)
52605001,KZN265 - Nongoma,4769,53.814620815304025,63.98,10.17,3051,Substantial Increase (>5pp)
52605002,KZN265 - Nongoma,5015,53.58003065469674,64.6,11.02,3240,Substantial Increase (>5pp)
52605003,KZN265 - Nongoma,4817,56.99674569967457,64.56,7.56,3110,Substantial Increase (>5pp)
52605004,KZN265 - Nongoma,4376,52.55704169944925,62.5,9.94,2735,Substantial Increase (>5pp)
52605005,KZN265 - Nongoma,4637,55.51839464882943,63.94,8.42,2965,Substantial Increase (>5pp)
52605006,KZN265 - Nongoma,5530,46.57593432706848,54.66,8.08,3023,Substantial Increase (>5pp)
52605007,KZN265 - Nongoma,4799,53.96788457063067,64.05,10.08,3074,Substantial Increase (>5pp)
52605008,KZN265 - Nongoma,4816,49.76130938849739,60.25,10.49,2902,Substantial Increase (>5pp)
52605009,KZN265 - Nongoma,4632,39.52,56.72,17.2,2627,Substantial Increase (>5pp)
52605010,KZN265 - Nongoma,4711,56.199862479945,64.06,7.86,3018,Substantial Increase (>5pp)
52605011,KZN265 - Nongoma,4668,52.24111282843895,61.47,9.23,2869,Substantial Increase (>5pp)
52605012,KZN265 - Nongoma,4744,54.54748105216228,63.57,9.02,3016,Substantial Increase (>5pp)
52605013,KZN265 - Nongoma,4661,50.27322404371585,60.29,10.02,2810,Substantial Increase (>5pp)
52605014,KZN265 - Nongoma,5495,56.52777777777778,64.58,8.05,3549,Substantial Increase (>5pp)
52605015,KZN265 - Nongoma,4992,50.14911676990136,60.25,10.1,3008,Substantial Increase (>5pp)
52605016,KZN265 - Nongoma,4247,56.6363044892648,65.39,8.75,2777,Substantial Increase (>5pp)
52605017,KZN265 - Nongoma,5103,50.91249415067852,60.66,9.75,3095,Substantial Increase (>5pp)
52605018,KZN265 - Nongoma,4207,54.46808510638298,63.99,9.52,2692,Substantial Increase (>5pp)
52605019,KZN265 - Nongoma,4269,26.68410725964683,58.18,31.5,2484,Substantial Increase (>5pp)
52605020,KZN265 - Nongoma,4504,49.05120873407851,60.49,11.44,2724,Substantial Increase (>5pp)
52605021,KZN265 - Nongoma,5387,51.49857799168672,60.68,9.18,3269,Substantial Increase (>5pp)
52605022,KZN265 - Nongoma,4486,51.534170153417016,60.55,9.02,2716,Substantial Increase (>5pp)
52605023,KZN265 - Nongoma,5365,50.499772830531576,60.41,9.91,3241,Substantial Increase (>5pp)
52606001,KZN266 - Ulundi,4018,47.53577106518283,60.12,12.58,2416,Substantial Increase (>5pp)
52606002,KZN266 - Ulundi,4718,55.33522190745986,63.94,8.6,3017,Substantial Increase (>5pp)
52606003,KZN266 - Ulundi,3891,53.20382719628878,64.08,10.88,2493,Substantial Increase (>5pp)
52606004,KZN266 - Ulundi,4621,50.0,60.25,10.25,2784,Substantial Increase (>5pp)
52606005,KZN266 - Ulundi,4485,57.157516675218055,65.18,8.02,2923,Substantial Increase (>5pp)
52606006,KZN266 - Ulundi,4188,42.734375,55.47,12.74,2323,Substantial Increase (>5pp)
52606007,KZN266 - Ulundi,3628,49.01298701298701,60.26,11.25,2186,Substantial Increase (>5pp)
52606008,KZN266 - Ulundi,4517,51.759981100874086,60.62,8.86,2738,Substantial Increase (>5pp)
52606009,KZN266 - Ulundi,4605,51.31487084012102,60.65,9.34,2793,Substantial Increase (>5pp)
52606010,KZN266 - Ulundi,3573,50.82489146164978,60.45,9.63,2160,Substantial Increase (>5pp)
52606011,KZN266 - Ulundi,3829,44.231820667031165,59.63,15.4,2283,Substantial Increase (>5pp)
52606012,KZN266 - Ulundi,4472,46.05670717178938,56.49,10.43,2526,Substantial Increase (>5pp)
52606013,KZN266 - Ulundi,4038,45.74069447914064,59.7,13.96,2411,Substantial Increase (>5pp)
52606014,KZN266 - Ulundi,4025,58.27404177186138,63.5,5.23,2556,Substantial Increase (>5pp)
52606015,KZN266 - Ulundi,3656,53.59823399558499,63.74,10.14,2330,Substantial Increase (>5pp)
52606016,KZN266 - Ulundi,4017,48.79334257975035,60.56,11.77,2433,Substantial Increase (>5pp)
52606017,KZN266 - Ulundi,4577,51.94650107475519,60.66,8.71,2776,Substantial Increase (>5pp)
52606018,KZN266 - Ulundi,4206,44.76090932845571,55.45,10.69,2332,Substantial Increase (>5pp)
52606019,KZN266 - Ulundi,4340,41.00677068001177,56.44,15.43,2449,Substantial Increase (>5pp)
52606020,KZN266 - Ulundi,3919,48.87799845241166,60.43,11.55,2368,Substantial Increase (>5pp)
52606021,KZN266 - Ulundi,4506,53.48996350364964,64.01,10.52,2884,Substantial Increase (>5pp)
52606022,KZN266 - Ulundi,4248,44.53803632534878,55.39,10.85,2353,Substantial Increase (>5pp)
52606023,KZN266 - Ulundi,4125,46.76002196595277,54.37,7.61,2243,Substantial Increase (>5pp)
52606024,KZN266 - Ulundi,3672,54.73092844470728,63.73,9.0,2340,Substantial Increase (>5pp)
52606025,,3800,50.41896097677759,60.33,9.91,2293,Substantial Increase (>5pp)
52701001,KZN271 - uMhlabuyalingana,5747,48.38090669225234,60.38,12.0,3470,Substantial Increase (>5pp)
52701002,KZN271 - uMhlabuyalingana,5801,61.93341355796229,66.72,4.79,3870,Moderate Increase (1-5pp)
52701003,KZN271 - uMhlabuyalingana,6809,53.82066276803119,64.44,10.62,4388,Substantial Increase (>5pp)
52701004,KZN271 - uMhlabuyalingana,5716,53.69238394184702,63.46,9.77,3627,Substantial Increase (>5pp)
52701005,KZN271 - uMhlabuyalingana,4634,45.46365914786967,54.92,9.46,2545,Substantial Increase (>5pp)
52701006,KZN271 - uMhlabuyalingana,5101,58.34872065418095,65.39,7.04,3336,Substantial Increase (>5pp)
52701007,KZN271 - uMhlabuyalingana,4795,58.62831858407079,65.3,6.67,3131,Substantial Increase (>5pp)
52701008,KZN271 - uMhlabuyalingana,4203,60.90556274256145,65.56,4.65,2755,Moderate Increase (1-5pp)
52701009,KZN271 - uMhlabuyalingana,4846,63.71726417493008,66.92,3.2,3243,Moderate Increase (1-5pp)
52701010,KZN271 - uMhlabuyalingana,4900,55.72786393196599,64.54,8.81,3162,Substantial Increase (>5pp)
52701011,KZN271 - uMhlabuyalingana,6411,44.01055408970976,56.28,12.27,3608,Substantial Increase (>5pp)
52701012,KZN271 - uMhlabuyalingana,5887,56.00624024960999,64.59,8.58,3802,Substantial Increase (>5pp)
52701013,KZN271 - uMhlabuyalingana,5318,55.64394753816384,64.15,8.51,3411,Substantial Increase (>5pp)
52701014,KZN271 - uMhlabuyalingana,5164,60.90010976948408,66.11,5.21,3414,Substantial Increase (>5pp)
52701015,KZN271 - uMhlabuyalingana,5383,45.806127574083376,55.33,9.52,2978,Substantial Increase (>5pp)
52701016,KZN271 - uMhlabuyalingana,3631,60.29606132698916,64.3,4.0,2335,Moderate Increase (1-5pp)
52701017,KZN271 - uMhlabuyalingana,3383,52.71372000931749,62.02,9.31,2098,Substantial Increase (>5pp)
52701018,KZN271 - uMhlabuyalingana,5005,57.17667312244459,64.36,7.18,3221,Substantial Increase (>5pp)
52701019,KZN271 - uMhlabuyalingana,6095,54.584365848164,64.35,9.77,3922,Substantial Increase (>5pp)
52701020,KZN271 - uMhlabuyalingana,4688,57.2212593876372,65.37,8.15,3065,Substantial Increase (>5pp)
52702001,KZN272 - Jozini,4343,57.73195876288659,64.19,6.46,2788,Substantial Increase (>5pp)
52702002,KZN272 - Jozini,3589,57.02368137782562,63.52,6.5,2280,Substantial Increase (>5pp)
52702003,KZN272 - Jozini,5727,65.8180026281209,66.53,0.71,3810,Stable (±1pp)
52702004,KZN272 - Jozini,5340,63.40145642471224,67.02,3.62,3579,Moderate Increase (1-5pp)
52702005,KZN272 - Jozini,4121,55.92527729130181,63.14,7.21,2602,Substantial Increase (>5pp)
52702006,KZN272 - Jozini,5265,59.33170334148329,64.82,5.49,3413,Substantial Increase (>5pp)
52702007,KZN272 - Jozini,4416,55.27554693990584,64.31,9.03,2840,Substantial Increase (>5pp)
52702008,KZN272 - Jozini,6791,56.378683891804606,65.52,9.14,4449,Substantial Increase (>5pp)
52702009,KZN272 - Jozini,5341,57.540263543191806,65.32,7.78,3489,Substantial Increase (>5pp)
52702010,KZN272 - Jozini,4872,60.04282655246252,64.54,4.5,3144,Moderate Increase (1-5pp)
52702011,KZN272 - Jozini,4777,55.60859188544153,64.08,8.47,3061,Substantial Increase (>5pp)
52702012,KZN272 - Jozini,5236,61.458523245214224,65.38,3.92,3423,Moderate Increase (1-5pp)
52702013,KZN272 - Jozini,4435,60.40172166427546,64.5,4.1,2861,Moderate Increase (1-5pp)
52702014,KZN272 - Jozini,4789,51.52616279069767,60.68,9.15,2906,Substantial Increase (>5pp)
52702015,KZN272 - Jozini,5300,55.78350065473592,64.48,8.7,3417,Substantial Increase (>5pp)
52702016,KZN272 - Jozini,4557,70.97007722007721,69.49,-1.48,3167,Moderate Decline (1-5pp)
52702017,KZN272 - Jozini,5024,59.96059544658494,65.02,5.06,3267,Substantial Increase (>5pp)
52702018,KZN272 - Jozini,4985,57.93056501021103,64.66,6.73,3223,Substantial Increase (>5pp)
52702019,KZN272 - Jozini,5002,56.62600785610916,63.6,6.97,3181,Substantial Increase (>5pp)
52702020,KZN272 - Jozini,4383,47.94991406825436,60.18,12.23,2638,Substantial Increase (>5pp)
52702021,KZN272 - Jozini,5237,53.28798185941043,64.32,11.03,3368,Substantial Increase (>5pp)
52702022,KZN272 - Jozini,4074,57.546728971962615,63.52,5.97,2588,Substantial Increase (>5pp)
52702023,KZN272 - Jozini,3704,64.3094447081158,65.63,1.32,2431,Moderate Increase (1-5pp)
52702024,,4999,50.41896097677759,60.33,9.91,3016,Substantial Increase (>5pp)
52702025,,4915,50.41896097677759,60.33,9.91,2965,Substantial Increase (>5pp)
52705001,KZN275 - Mtubatuba,4600,59.16515426497278,65.81,6.64,3027,Substantial Increase (>5pp)
52705002,KZN275 - Mtubatuba,5877,62.832521543649314,66.43,3.6,3904,Moderate Increase (1-5pp)
52705003,KZN275 - Mtubatuba,5595,54.17175417175417,64.2,10.03,3592,Substantial Increase (>5pp)
52705004,KZN275 - Mtubatuba,3865,40.21126760563381,59.51,19.3,2300,Substantial Increase (>5pp)
52705005,KZN275 - Mtubatuba,5759,50.93155520690331,60.58,9.65,3489,Substantial Increase (>5pp)
52705006,KZN275 - Mtubatuba,4253,43.15707620528772,55.58,12.42,2364,Substantial Increase (>5pp)
52705007,KZN275 - Mtubatuba,4597,44.99650104968509,56.31,11.31,2589,Substantial Increase (>5pp)
52705008,KZN275 - Mtubatuba,5001,58.828547057150985,65.41,6.58,3271,Substantial Increase (>5pp)
52705009,KZN275 - Mtubatuba,3906,56.11527115951894,63.2,7.08,2469,Substantial Increase (>5pp)
52705010,KZN275 - Mtubatuba,5050,61.25438415514751,65.6,4.35,3313,Moderate Increase (1-5pp)
52705011,KZN275 - Mtubatuba,4805,54.54070981210856,64.31,9.77,3090,Substantial Increase (>5pp)
52705012,KZN275 - Mtubatuba,4410,57.883264713005566,64.2,6.32,2831,Substantial Increase (>5pp)
52705013,KZN275 - Mtubatuba,5315,57.36853045104968,64.4,7.03,3423,Substantial Increase (>5pp)
52705014,KZN275 - Mtubatuba,5359,56.832500543124056,65.26,8.43,3497,Substantial Increase (>5pp)
52705015,KZN275 - Mtubatuba,5294,59.43152454780362,65.49,6.06,3467,Substantial Increase (>5pp)
52705016,KZN275 - Mtubatuba,5583,56.248660235798496,64.72,8.47,3613,Substantial Increase (>5pp)
52705017,KZN275 - Mtubatuba,4615,64.41298511105687,66.36,1.95,3063,Moderate Increase (1-5pp)
52705018,KZN275 - Mtubatuba,4579,62.591112156125085,66.17,3.58,3030,Moderate Increase (1-5pp)
52705019,KZN275 - Mtubatuba,5139,58.09810273021749,65.26,7.16,3354,Substantial Increase (>5pp)
52705020,KZN275 - Mtubatuba,5962,59.30667717155801,65.72,6.41,3918,Substantial Increase (>5pp)
52705021,KZN275 - Mtubatuba,3968,56.330906148867314,63.61,7.28,2524,Substantial Increase (>5pp)
52705022,KZN275 - Mtubatuba,5085,64.24870466321244,66.76,2.51,3395,Moderate Increase (1-5pp)
52705023,KZN275 - Mtubatuba,3840,54.400440044004405,62.98,8.58,2418,Substantial Increase (>5pp)
52706001,KZN276 - Big Five Hlabisa,4655,52.95902883156297,63.46,10.5,2954,Substantial Increase (>5pp)
52706002,KZN276 - Big Five Hlabisa,5242,61.80371352785146,66.7,4.9,3496,Moderate Increase (1-5pp)
52706003,KZN276 - Big Five Hlabisa,5782,53.94045534150613,64.37,10.43,3722,Substantial Increase (>5pp)
52706004,KZN276 - Big Five Hlabisa,4652,67.09967524356732,69.68,2.58,3242,Moderate Increase (1-5pp)
52706005,KZN276 - Big Five Hlabisa,4297,43.67436743674367,55.66,11.99,2392,Substantial Increase (>5pp)
52706006,KZN276 - Big Five Hlabisa,4062,58.80361173814899,65.24,6.44,2650,Substantial Increase (>5pp)
52706007,KZN276 - Big Five Hlabisa,4150,62.75700934579439,65.89,3.13,2734,Moderate Increase (1-5pp)
52706008,KZN276 - Big Five Hlabisa,3688,61.542940320232894,65.77,4.23,2426,Moderate Increase (1-5pp)
52706009,KZN276 - Big Five Hlabisa,4622,56.86179256740345,64.56,7.7,2984,Substantial Increase (>5pp)
52706010,KZN276 - Big Five Hlabisa,3952,55.15320334261838,63.24,8.09,2499,Substantial Increase (>5pp)
52706011,KZN276 - Big Five Hlabisa,4380,56.89277899343544,64.19,7.3,2812,Substantial Increase (>5pp)
52706012,KZN276 - Big Five Hlabisa,4468,46.58221797323136,56.24,9.66,2513,Substantial Increase (>5pp)
52706013,KZN276 - Big Five Hlabisa,4380,54.74369866893232,64.31,9.57,2817,Substantial Increase (>5pp)
52706014,KZN276 - Big Five Hlabisa,5025,48.69684499314129,60.56,11.86,3043,Substantial Increase (>5pp)
52801001,KZN281 - uMfolozi,3200,59.56688596491229,63.97,4.4,2047,Moderate Increase (1-5pp)
52801002,KZN281 - uMfolozi,3516,46.40709991411394,59.77,13.36,2102,Substantial Increase (>5pp)
52801003,KZN281 - uMfolozi,5327,57.9601457038783,65.17,7.21,3472,Substantial Increase (>5pp)
52801004,KZN281 - uMfolozi,5262,60.86054950751685,66.33,5.47,3490,Substantial Increase (>5pp)
52801005,KZN281 - uMfolozi,5146,54.40317682784396,64.31,9.91,3309,Substantial Increase (>5pp)
52801006,KZN281 - uMfolozi,6070,46.12488928255093,55.05,8.93,3342,Substantial Increase (>5pp)
52801007,KZN281 - uMfolozi,4678,51.8468162247904,60.53,8.68,2832,Substantial Increase (>5pp)
52801008,KZN281 - uMfolozi,3968,57.97856935997683,65.2,7.22,2587,Substantial Increase (>5pp)
52801009,KZN281 - uMfolozi,5756,57.63856544014905,65.37,7.73,3763,Substantial Increase (>5pp)
52801010,KZN281 - uMfolozi,3825,50.42316258351893,60.07,9.65,2298,Substantial Increase (>5pp)
52801011,KZN281 - uMfolozi,5201,56.89912561313712,64.4,7.5,3349,Substantial Increase (>5pp)
52801012,KZN281 - uMfolozi,5101,52.6573271069602,62.6,9.94,3193,Substantial Increase (>5pp)
52801013,KZN281 - uMfolozi,3902,49.46098562628337,60.2,10.74,2349,Substantial Increase (>5pp)
52801014,KZN281 - uMfolozi,3217,46.45912547528518,59.7,13.24,1921,Substantial Increase (>5pp)
52801015,KZN281 - uMfolozi,3922,51.09992048767559,60.45,9.35,2371,Substantial Increase (>5pp)
52801016,KZN281 - uMfolozi,4046,41.33370849746764,55.51,14.18,2246,Substantial Increase (>5pp)
52801017,KZN281 - uMfolozi,3772,46.29836725564751,59.63,13.33,2249,Substantial Increase (>5pp)
52801018,KZN281 - uMfolozi,5170,52.24226804123712,61.85,9.61,3198,Substantial Increase (>5pp)
52802001,KZN282 - uMhlathuze,6346,48.1966053748232,60.18,11.98,3819,Substantial Increase (>5pp)
52802002,KZN282 - uMhlathuze,3851,49.25122249388753,61.29,12.04,2360,Substantial Increase (>5pp)
52802003,KZN282 - uMhlathuze,7014,49.30180894953983,60.33,11.03,4232,Substantial Increase (>5pp)
52802004,KZN282 - uMhlathuze,5567,45.78932343705395,59.52,13.73,3313,Substantial Increase (>5pp)
52802005,KZN282 - uMhlathuze,5902,48.06703485050466,60.18,12.11,3552,Substantial Increase (>5pp)
52802006,KZN282 - uMhlathuze,5500,51.2384550797649,60.58,9.34,3332,Substantial Increase (>5pp)
52802007,KZN282 - uMhlathuze,5590,43.3698296836983,55.43,12.06,3099,Substantial Increase (>5pp)
52802008,KZN282 - uMhlathuze,5398,39.89983305509182,56.3,16.4,3039,Substantial Increase (>5pp)
52802009,KZN282 - uMhlathuze,6443,41.2178296630406,59.22,18.0,3816,Substantial Increase (>5pp)
52802010,KZN282 - uMhlathuze,5873,45.07723804206216,54.7,9.62,3213,Substantial Increase (>5pp)
52802011,KZN282 - uMhlathuze,5298,51.51819827066157,60.68,9.16,3215,Substantial Increase (>5pp)
52802012,KZN282 - uMhlathuze,8180,41.340602950609366,56.0,14.66,4581,Substantial Increase (>5pp)
52802013,KZN282 - uMhlathuze,4682,50.47035986262506,61.41,10.94,2875,Substantial Increase (>5pp)
52802014,KZN282 - uMhlathuze,4091,42.43053337591824,58.69,16.26,2401,Substantial Increase (>5pp)
52802015,KZN282 - uMhlathuze,5954,44.20168067226891,59.59,15.39,3548,Substantial Increase (>5pp)
52802016,KZN282 - uMhlathuze,5269,36.559778305621535,59.73,23.17,3147,Substantial Increase (>5pp)
52802017,KZN282 - uMhlathuze,6624,35.75770278767554,56.72,20.96,3757,Substantial Increase (>5pp)
52802018,KZN282 - uMhlathuze,6587,50.52005943536404,60.41,9.89,3979,Substantial Increase (>5pp)
52802019,KZN282 - uMhlathuze,6360,36.75272916305666,56.58,19.83,3598,Substantial Increase (>5pp)
52802020,KZN282 - uMhlathuze,6573,37.600598914467525,56.41,18.81,3708,Substantial Increase (>5pp)
52802021,KZN282 - uMhlathuze,5532,35.17000871839582,59.69,24.52,3302,Substantial Increase (>5pp)
52802022,KZN282 - uMhlathuze,6799,46.80258140217072,59.77,12.97,4064,Substantial Increase (>5pp)
52802023,KZN282 - uMhlathuze,5780,42.96021840873635,55.43,12.47,3204,Substantial Increase (>5pp)
52802024,KZN282 - uMhlathuze,7687,39.98761354252684,57.04,17.05,4385,Substantial Increase (>5pp)
52802025,KZN282 - uMhlathuze,6792,40.47051343188682,57.13,16.66,3880,Substantial Increase (>5pp)
52802026,KZN282 - uMhlathuze,6381,45.47899159663866,56.34,10.86,3595,Substantial Increase (>5pp)
52802027,KZN282 - uMhlathuze,6519,39.58974358974359,56.36,16.77,3674,Substantial Increase (>5pp)
52802028,KZN282 - uMhlathuze,6817,33.85478660091821,57.7,23.85,3933,Substantial Increase (>5pp)
52802029,KZN282 - uMhlathuze,7291,48.11387900355872,60.33,12.22,4399,Substantial Increase (>5pp)
52802030,KZN282 - uMhlathuze,5662,34.23625254582485,57.13,22.89,3235,Substantial Increase (>5pp)
52802031,KZN282 - uMhlathuze,5382,48.56031128404669,60.41,11.85,3251,Substantial Increase (>5pp)
52802032,KZN282 - uMhlathuze,6492,54.48426720511527,63.94,9.46,4151,Substantial Increase (>5pp)
52802033,KZN282 - uMhlathuze,5930,51.499082194574754,60.76,9.26,3603,Substantial Increase (>5pp)
52802034,KZN282 - uMhlathuze,5308,19.974527701125027,60.23,40.26,3197,Substantial Increase (>5pp)
52802035,,6672,50.41896097677759,60.33,9.91,4025,Substantial Increase (>5pp)
52802036,,5934,50.41896097677759,60.33,9.91,3580,Substantial Increase (>5pp)
52804001,KZN284 - uMlalazi,2938,51.92135835567471,60.39,8.47,1774,Substantial Increase (>5pp)
52804002,KZN284 - uMlalazi,4651,50.41896097677759,60.33,9.91,2806,Substantial Increase (>5pp)
52804003,KZN284 - uMlalazi,4429,53.96469599327543,64.37,10.41,2851,Substantial Increase (>5pp)
52804004,KZN284 - uMlalazi,4732,49.81905910735826,60.25,10.43,2851,Substantial Increase (>5pp)
52804005,KZN284 - uMlalazi,3638,50.89376915219612,60.3,9.41,2194,Substantial Increase (>5pp)
52804006,KZN284 - uMlalazi,4489,50.42440318302387,60.33,9.91,2708,Substantial Increase (>5pp)
52804007,KZN284 - uMlalazi,3575,52.29007633587786,61.36,9.07,2194,Substantial Increase (>5pp)
52804008,KZN284 - uMlalazi,5656,45.23271577044736,55.16,9.93,3120,Substantial Increase (>5pp)
52804009,KZN284 - uMlalazi,4697,45.31363526277549,54.68,9.37,2568,Substantial Increase (>5pp)
52804010,KZN284 - uMlalazi,5225,46.72537149146945,55.08,8.35,2878,Substantial Increase (>5pp)
52804011,KZN284 - uMlalazi,3649,49.77483443708609,60.04,10.27,2191,Substantial Increase (>5pp)
52804012,KZN284 - uMlalazi,4533,42.400482509047045,56.4,14.0,2557,Substantial Increase (>5pp)
52804013,KZN284 - uMlalazi,3403,43.35031126202603,59.64,16.29,2030,Substantial Increase (>5pp)
52804014,KZN284 - uMlalazi,3702,49.89609789886862,59.98,10.08,2220,Substantial Increase (>5pp)
52804015,KZN284 - uMlalazi,5288,54.38453159041394,64.35,9.97,3403,Substantial Increase (>5pp)
52804016,KZN284 - uMlalazi,3367,48.7319741422178,60.29,11.56,2030,Substantial Increase (>5pp)
52804017,KZN284 - uMlalazi,5705,49.413526328924384,60.45,11.04,3449,Substantial Increase (>5pp)
52804018,KZN284 - uMlalazi,3576,43.63317757009346,59.58,15.95,2131,Substantial Increase (>5pp)
52804019,KZN284 - uMlalazi,5117,54.71153846153847,64.31,9.6,3291,Substantial Increase (>5pp)
52804020,KZN284 - uMlalazi,3618,47.14218233349079,59.99,12.85,2170,Substantial Increase (>5pp)
52804021,KZN284 - uMlalazi,4395,44.75524475524475,55.58,10.82,2443,Substantial Increase (>5pp)
52804022,KZN284 - uMlalazi,4210,54.729729729729726,64.31,9.58,2707,Substantial Increase (>5pp)
52804023,KZN284 - uMlalazi,3694,53.46504559270516,64.61,11.14,2387,Substantial Increase (>5pp)
52804024,KZN284 - uMlalazi,4122,56.39564992232005,64.44,8.04,2656,Substantial Increase (>5pp)
52804025,KZN284 - uMlalazi,4156,57.39083265527529,64.65,7.26,2687,Substantial Increase (>5pp)
52804026,KZN284 - uMlalazi,5159,45.92857142857143,55.17,9.24,2846,Substantial Increase (>5pp)
52804027,KZN284 - uMlalazi,2696,47.4218089602705,60.04,12.62,1619,Substantial Increase (>5pp)
52804028,KZN284 - uMlalazi,3953,34.45113212955002,56.81,22.36,2246,Substantial Increase (>5pp)
52805001,KZN285 - Mthonjaneni,3885,51.57625674524283,60.68,9.1,2357,Substantial Increase (>5pp)
52805002,KZN285 - Mthonjaneni,4644,43.7813720022309,56.07,12.29,2604,Substantial Increase (>5pp)
52805003,KZN285 - Mthonjaneni,2931,46.03667136812412,59.58,13.54,1746,Substantial Increase (>5pp)
52805004,KZN285 - Mthonjaneni,3840,50.08403361344538,60.33,10.25,2317,Substantial Increase (>5pp)
52805005,KZN285 - Mthonjaneni,3314,53.50356294536817,63.92,10.42,2118,Substantial Increase (>5pp)
52805006,KZN285 - Mthonjaneni,3886,53.57935627081021,64.39,10.81,2502,Substantial Increase (>5pp)
52805007,KZN285 - Mthonjaneni,3655,51.22018097066082,60.45,9.23,2209,Substantial Increase (>5pp)
52805008,KZN285 - Mthonjaneni,4047,48.31130690161527,60.26,11.95,2439,Substantial Increase (>5pp)
52805009,KZN285 - Mthonjaneni,3729,54.25531914893617,63.73,9.47,2376,Substantial Increase (>5pp)
52805010,KZN285 - Mthonjaneni,4401,51.75222112537019,60.68,8.93,2671,Substantial Increase (>5pp)
52805011,KZN285 - Mthonjaneni,3296,51.55860349127182,60.55,8.99,1996,Substantial Increase (>5pp)
52805012,KZN285 - Mthonjaneni,4187,49.40218773848893,60.2,10.8,2521,Substantial Increase (>5pp)
52805013,KZN285 - Mthonjaneni,4139,56.76813471502591,65.39,8.62,2706,Substantial Increase (>5pp)
52806001,KZN286 - Nkandla,5441,55.93042749371333,64.39,8.46,3503,Substantial Increase (>5pp)
52806002,KZN286 - Nkandla,4211,50.6454270804724,60.36,9.71,2542,Substantial Increase (>5pp)
52806003,KZN286 - Nkandla,4382,50.63395810363836,60.44,9.81,2648,Substantial Increase (>5pp)
52806004,KZN286 - Nkandla,3952,50.3433703116746,60.16,9.82,2378,Substantial Increase (>5pp)
52806005,KZN286 - Nkandla,6986,51.63717714053284,60.8,9.16,4247,Substantial Increase (>5pp)
52806006,KZN286 - Nkandla,4420,59.32093425605537,64.09,4.77,2833,Moderate Increase (1-5pp)
52806007,KZN286 - Nkandla,4255,64.99349804941482,66.24,1.25,2819,Moderate Increase (1-5pp)
52806008,KZN286 - Nkandla,3317,48.29846231409125,59.95,11.65,1989,Substantial Increase (>5pp)
52806009,KZN286 - Nkandla,5246,55.435018442178354,64.15,8.71,3365,Substantial Increase (>5pp)
52806010,KZN286 - Nkandla,4120,57.23499719573753,65.18,7.95,2685,Substantial Increase (>5pp)
52806011,KZN286 - Nkandla,4593,57.671262858393526,63.52,5.85,2917,Substantial Increase (>5pp)
52806012,KZN286 - Nkandla,5178,54.9346016646849,64.31,9.38,3330,Substantial Increase (>5pp)
52806013,KZN286 - Nkandla,5469,58.498102656281205,64.48,5.98,3526,Substantial Increase (>5pp)
52806014,KZN286 - Nkandla,4932,52.69091682620719,62.24,9.55,3070,Substantial Increase (>5pp)
52901001,KZN291 - Mandeni,5413,57.811825636599046,65.26,7.45,3533,Substantial Increase (>5pp)
52901002,KZN291 - Mandeni,5492,50.46669495120917,60.33,9.86,3313,Substantial Increase (>5pp)
52901003,KZN291 - Mandeni,4457,40.17917133258679,59.66,19.48,2659,Substantial Increase (>5pp)
52901004,KZN291 - Mandeni,5264,48.710100568430256,60.56,11.85,3188,Substantial Increase (>5pp)
52901005,KZN291 - Mandeni,5208,53.232278198840845,64.32,11.09,3350,Substantial Increase (>5pp)
52901006,KZN291 - Mandeni,3864,50.78436586014357,60.31,9.53,2330,Substantial Increase (>5pp)
52901007,KZN291 - Mandeni,4794,40.93503072870939,58.62,17.68,2810,Substantial Increase (>5pp)
52901008,KZN291 - Mandeni,4897,51.31991051454139,60.65,9.33,2970,Substantial Increase (>5pp)
52901009,KZN291 - Mandeni,5893,43.27676240208878,55.95,12.67,3297,Substantial Increase (>5pp)
52901010,KZN291 - Mandeni,5002,47.8035143769968,60.05,12.25,3004,Substantial Increase (>5pp)
52901011,KZN291 - Mandeni,4688,47.67609008145664,60.21,12.53,2823,Substantial Increase (>5pp)
52901012,KZN291 - Mandeni,4553,44.12714179289794,55.32,11.19,2519,Substantial Increase (>5pp)
52901013,KZN291 - Mandeni,3833,41.34165366614664,55.84,14.5,2140,Substantial Increase (>5pp)
52901014,KZN291 - Mandeni,4066,41.85363247863248,56.33,14.48,2290,Substantial Increase (>5pp)
52901015,KZN291 - Mandeni,4676,39.95771670190275,56.85,16.89,2658,Substantial Increase (>5pp)
52901016,KZN291 - Mandeni,4494,37.93604651162791,56.68,18.74,2547,Substantial Increase (>5pp)
52901017,KZN291 - Mandeni,4485,36.76510430777567,56.71,19.94,2543,Substantial Increase (>5pp)
52901018,KZN291 - Mandeni,3842,35.98228243877019,59.73,23.75,2295,Substantial Increase (>5pp)
52902001,KZN292 - KwaDukuza,7015,56.45197740112994,65.64,9.19,4605,Substantial Increase (>5pp)
52902002,KZN292 - KwaDukuza,5400,62.86231884057971,66.93,4.07,3614,Moderate Increase (1-5pp)
52902003,KZN292 - KwaDukuza,5266,51.96917808219178,60.73,8.76,3198,Substantial Increase (>5pp)
52902004,KZN292 - KwaDukuza,6079,36.70544596189513,59.7,22.99,3629,Substantial Increase (>5pp)
52902005,KZN292 - KwaDukuza,4985,58.479899497487445,63.9,5.42,3185,Substantial Increase (>5pp)
52902006,KZN292 - KwaDukuza,5500,48.901601830663616,60.64,11.74,3335,Substantial Increase (>5pp)
52902007,KZN292 - KwaDukuza,4713,59.54666666666667,65.7,6.15,3096,Substantial Increase (>5pp)
52902008,KZN292 - KwaDukuza,5045,48.60481755306464,60.64,12.04,3059,Substantial Increase (>5pp)
52902009,KZN292 - KwaDukuza,6328,53.59179019384265,64.99,11.4,4113,Substantial Increase (>5pp)
52902010,KZN292 - KwaDukuza,5412,51.57258904394918,60.68,9.11,3284,Substantial Increase (>5pp)
52902011,KZN292 - KwaDukuza,6491,57.757418840868354,65.32,7.56,4240,Substantial Increase (>5pp)
52902012,KZN292 - KwaDukuza,4796,44.38135793707121,55.43,11.05,2658,Substantial Increase (>5pp)
52902013,KZN292 - KwaDukuza,4010,49.87834549878345,61.04,11.16,2448,Substantial Increase (>5pp)
52902014,KZN292 - KwaDukuza,5845,47.76908923643055,60.36,12.59,3528,Substantial Increase (>5pp)
52902015,KZN292 - KwaDukuza,4428,48.21648216482165,60.77,12.55,2691,Substantial Increase (>5pp)
52902016,KZN292 - KwaDukuza,5178,52.43942914039164,61.71,9.27,3195,Substantial Increase (>5pp)
52902017,KZN292 - KwaDukuza,4657,50.50095419847328,60.33,9.83,2810,Substantial Increase (>5pp)
52902018,KZN292 - KwaDukuza,5436,52.98983691798629,63.78,10.79,3467,Substantial Increase (>5pp)
52902019,KZN292 - KwaDukuza,6194,43.845706532273695,55.64,11.79,3446,Substantial Increase (>5pp)
52902020,KZN292 - KwaDukuza,5880,56.552962298025136,65.35,8.8,3843,Substantial Increase (>5pp)
52902021,KZN292 - KwaDukuza,4601,51.10394443066236,60.58,9.48,2787,Substantial Increase (>5pp)
52902022,KZN292 - KwaDukuza,8790,66.4559068219634,69.55,3.09,6113,Moderate Increase (1-5pp)
52902023,KZN292 - KwaDukuza,6258,54.62641181581234,64.35,9.72,4027,Substantial Increase (>5pp)
52902024,KZN292 - KwaDukuza,8120,48.70718232044199,60.68,11.97,4927,Substantial Increase (>5pp)
52902025,KZN292 - KwaDukuza,5588,51.5527950310559,60.8,9.25,3398,Substantial Increase (>5pp)
52902026,KZN292 - KwaDukuza,6291,49.85607369027058,60.37,10.51,3798,Substantial Increase (>5pp)
52902027,KZN292 - KwaDukuza,5640,61.490082244799225,66.54,5.05,3753,Substantial Increase (>5pp)
52902028,KZN292 - KwaDukuza,3775,48.789346246973366,60.29,11.5,2276,Substantial Increase (>5pp)
52902029,KZN292 - KwaDukuza,4892,55.78769057029926,64.59,8.8,3160,Substantial Increase (>5pp)
52902030,KZN292 - KwaDukuza,5459,66.69346195069667,69.73,3.04,3807,Moderate Increase (1-5pp)
52903001,KZN293 - Ndwedwe,4388,52.53784505788067,62.51,9.97,2743,Substantial Increase (>5pp)
52903002,KZN293 - Ndwedwe,3865,48.85255306942054,60.56,11.71,2341,Substantial Increase (>5pp)
52903003,KZN293 - Ndwedwe,4764,54.69534050179211,64.08,9.38,3053,Substantial Increase (>5pp)
52903004,KZN293 - Ndwedwe,4237,51.56298359640979,60.76,9.2,2574,Substantial Increase (>5pp)
52903005,KZN293 - Ndwedwe,3941,55.041152263374485,63.24,8.2,2492,Substantial Increase (>5pp)
52903006,KZN293 - Ndwedwe,4022,43.54037267080745,56.08,12.54,2256,Substantial Increase (>5pp)
52903007,KZN293 - Ndwedwe,3844,58.49301721338097,65.36,6.87,2512,Substantial Increase (>5pp)
52903008,KZN293 - Ndwedwe,4064,55.59885684593401,63.53,7.93,2582,Substantial Increase (>5pp)
52903009,KZN293 - Ndwedwe,3978,49.987452948557085,60.12,10.13,2392,Substantial Increase (>5pp)
52903010,KZN293 - Ndwedwe,3831,58.596894767107536,64.38,5.78,2466,Substantial Increase (>5pp)
52903011,KZN293 - Ndwedwe,5180,66.68611435239207,69.73,3.04,3612,Moderate Increase (1-5pp)
52903012,KZN293 - Ndwedwe,4658,57.69076305220884,63.52,5.83,2959,Substantial Increase (>5pp)
52903013,KZN293 - Ndwedwe,4752,51.00234313980734,60.66,9.66,2883,Substantial Increase (>5pp)
52903014,KZN293 - Ndwedwe,5265,46.75839552238806,54.97,8.21,2894,Substantial Increase (>5pp)
52903015,KZN293 - Ndwedwe,3901,48.60603290676417,60.34,11.73,2354,Substantial Increase (>5pp)
52903016,KZN293 - Ndwedwe,4290,65.22666666666666,66.88,1.65,2869,Moderate Increase (1-5pp)
52903017,KZN293 - Ndwedwe,4536,50.244977951984325,60.29,10.05,2735,Substantial Increase (>5pp)
52903018,KZN293 - Ndwedwe,4829,44.75753604193971,58.13,13.37,2807,Substantial Increase (>5pp)
52903019,KZN293 - Ndwedwe,3601,56.91228070175438,63.37,6.46,2282,Substantial Increase (>5pp)
52904001,KZN294 - Maphumulo,4584,50.786353738204696,60.44,9.65,2771,Substantial Increase (>5pp)
52904002,KZN294 - Maphumulo,4180,47.32256693582661,60.07,12.75,2511,Substantial Increase (>5pp)
52904003,KZN294 - Maphumulo,3580,53.72886054893263,63.4,9.67,2270,Substantial Increase (>5pp)
52904004,KZN294 - Maphumulo,4048,56.92466994563811,63.87,6.95,2585,Substantial Increase (>5pp)
52904005,KZN294 - Maphumulo,5148,52.07589285714286,60.84,8.76,3132,Substantial Increase (>5pp)
52904006,KZN294 - Maphumulo,4194,54.78896103896104,64.08,9.29,2688,Substantial Increase (>5pp)
52904007,KZN294 - Maphumulo,4399,50.872515753756666,60.48,9.61,2661,Substantial Increase (>5pp)
52904008,KZN294 - Maphumulo,4923,56.90897184020957,64.31,7.4,3166,Substantial Increase (>5pp)
52904009,KZN294 - Maphumulo,3893,54.83525887890458,63.1,8.26,2456,Substantial Increase (>5pp)
52904010,KZN294 - Maphumulo,4819,49.57963568425969,60.25,10.67,2903,Substantial Increase (>5pp)
52904011,KZN294 - Maphumulo,3781,52.043596730245234,60.63,8.59,2292,Substantial Increase (>5pp)
52904012,KZN294 - Maphumulo,3411,52.11538461538462,60.74,8.62,2072,Substantial Increase (>5pp)
52904013,,4812,50.41896097677759,60.33,9.91,2903,Substantial Increase (>5pp)
54303001,KZN433 - Greater Kokstad,4526,44.67876410004904,55.39,10.71,2507,Substantial Increase (>5pp)
54303002,KZN433 - Greater Kokstad,4491,51.53274500696702,60.55,9.02,2719,Substantial Increase (>5pp)
54303003,KZN433 - Greater Kokstad,4699,39.00172860847018,59.74,20.74,2807,Substantial Increase (>5pp)
54303004,KZN433 - Greater Kokstad,4815,48.78108840187146,60.56,11.78,2916,Substantial Increase (>5pp)
54303005,KZN433 - Greater Kokstad,5094,43.98752127056154,56.0,12.01,2853,Substantial Increase (>5pp)
54303006,KZN433 - Greater Kokstad,2696,51.85087255420412,60.95,9.1,1643,Substantial Increase (>5pp)
54303007,KZN433 - Greater Kokstad,3283,37.96948356807512,56.66,18.69,1860,Substantial Increase (>5pp)
54303008,KZN433 - Greater Kokstad,4725,41.32055378061768,56.26,14.94,2658,Substantial Increase (>5pp)
54303009,KZN433 - Greater Kokstad,4864,50.30745580322829,60.02,9.71,2919,Substantial Increase (>5pp)
54303010,KZN433 - Greater Kokstad,4559,56.083757781550645,64.64,8.56,2947,Substantial Increase (>5pp)
54303011,,5026,50.41896097677759,60.33,9.91,3032,Substantial Increase (>5pp)
54304001,KZN434 - uBuhlebezwe,4403,56.49227432908648,65.59,9.1,2888,Substantial Increase (>5pp)
54304002,KZN434 - uBuhlebezwe,4387,43.01541425818882,58.15,15.13,2551,Substantial Increase (>5pp)
54304003,KZN434 - uBuhlebezwe,5271,52.81923714759535,62.64,9.82,3302,Substantial Increase (>5pp)
54304004,KZN434 - uBuhlebezwe,5322,46.116402116402114,54.4,8.28,2895,Substantial Increase (>5pp)
54304005,KZN434 - uBuhlebezwe,4356,55.65307176045431,63.99,8.34,2787,Substantial Increase (>5pp)
54304006,KZN434 - uBuhlebezwe,4126,49.07749077490775,60.34,11.26,2490,Substantial Increase (>5pp)
54304007,KZN434 - uBuhlebezwe,4538,41.88432835820896,58.29,16.41,2645,Substantial Increase (>5pp)
54304008,KZN434 - uBuhlebezwe,4881,43.51539671836368,55.53,12.01,2710,Substantial Increase (>5pp)
54304009,KZN434 - uBuhlebezwe,3550,62.98579469311176,66.22,3.23,2351,Moderate Increase (1-5pp)
54304010,KZN434 - uBuhlebezwe,4523,53.61431598775607,64.38,10.77,2912,Substantial Increase (>5pp)
54304011,KZN434 - uBuhlebezwe,4267,55.28095127069247,63.24,7.96,2698,Substantial Increase (>5pp)
54304012,KZN434 - uBuhlebezwe,4185,50.17513134851138,59.98,9.8,2510,Substantial Increase (>5pp)
54304013,KZN434 - uBuhlebezwe,3911,46.59046117461569,55.34,8.75,2164,Substantial Increase (>5pp)
54304014,KZN434 - uBuhlebezwe,4463,50.25528811086798,60.29,10.03,2691,Substantial Increase (>5pp)
54305001,KZN435 - uMzimkhulu,4635,56.41500694766095,64.5,8.08,2990,Substantial Increase (>5pp)
54305002,KZN435 - uMzimkhulu,4455,44.03218596334376,59.68,15.65,2659,Substantial Increase (>5pp)
54305003,KZN435 - uMzimkhulu,4604,49.08382959230417,60.34,11.26,2778,Substantial Increase (>5pp)
54305004,KZN435 - uMzimkhulu,4549,40.575673166202414,58.29,17.71,2652,Substantial Increase (>5pp)
54305005,KZN435 - uMzimkhulu,3838,54.2945649112926,63.73,9.44,2446,Substantial Increase (>5pp)
54305006,KZN435 - uMzimkhulu,4383,51.028500619578686,60.58,9.55,2655,Substantial Increase (>5pp)
54305007,KZN435 - uMzimkhulu,4437,53.22789732953073,64.25,11.02,2851,Substantial Increase (>5pp)
54305008,KZN435 - uMzimkhulu,4755,45.75289575289575,54.92,9.17,2611,Substantial Increase (>5pp)
54305009,KZN435 - uMzimkhulu,4040,46.65518231409705,54.69,8.03,2209,Substantial Increase (>5pp)
54305010,KZN435 - uMzimkhulu,4069,53.9479689639434,63.28,9.33,2575,Substantial Increase (>5pp)
54305011,KZN435 - uMzimkhulu,4173,41.32718421726877,57.27,15.94,2390,Substantial Increase (>5pp)
54305012,KZN435 - uMzimkhulu,4444,49.34614358153189,60.33,10.98,2681,Substantial Increase (>5pp)
54305013,KZN435 - uMzimkhulu,4742,46.69993195735994,56.14,9.44,2662,Substantial Increase (>5pp)
54305014,KZN435 - uMzimkhulu,4313,48.74731567644954,60.43,11.68,2606,Substantial Increase (>5pp)
54305015,KZN435 - uMzimkhulu,5018,50.22156573116692,60.19,9.97,3020,Substantial Increase (>5pp)
54305016,KZN435 - uMzimkhulu,5555,33.73884833738848,57.68,23.94,3204,Substantial Increase (>5pp)
54305017,KZN435 - uMzimkhulu,5352,42.25596529284165,55.67,13.41,2979,Substantial Increase (>5pp)
54305018,KZN435 - uMzimkhulu,4087,51.98358413132696,60.73,8.75,2482,Substantial Increase (>5pp)
54305019,KZN435 - uMzimkhulu,3115,50.96554335478986,60.58,9.61,1887,Substantial Increase (>5pp)
54305020,KZN435 - uMzimkhulu,4784,48.37442723107135,60.06,11.69,2873,Substantial Increase (>5pp)
54305021,KZN435 - uMzimkhulu,4552,48.29545454545455,60.1,11.8,2736,Substantial Increase (>5pp)
54305022,KZN435 - uMzimkhulu,4226,53.55450236966824,64.89,11.34,2742,Substantial Increase (>5pp)
54306001,KZN436 - Dr. Nkosazana Dlamini Zuma,3779,57.22160970231533,63.54,6.32,2401,Substantial Increase (>5pp)
54306002,KZN436 - Dr. Nkosazana Dlamini Zuma,3477,53.03030303030303,63.39,10.36,2204,Substantial Increase (>5pp)
54306003,KZN436 - Dr. Nkosazana Dlamini Zuma,3751,44.03183023872679,55.53,11.5,2083,Substantial Increase (>5pp)
54306004,KZN436 - Dr. Nkosazana Dlamini Zuma,4478,52.0073834794647,60.6,8.59,2714,Substantial Increase (>5pp)
54306005,KZN436 - Dr. Nkosazana Dlamini Zuma,4490,55.99544937428897,63.34,7.34,2844,Substantial Increase (>5pp)
54306006,KZN436 - Dr. Nkosazana Dlamini Zuma,4928,60.84533209475151,66.18,5.33,3261,Substantial Increase (>5pp)
54306007,KZN436 - Dr. Nkosazana Dlamini Zuma,4107,58.84185925733576,64.27,5.43,2640,Substantial Increase (>5pp)
54306008,KZN436 - Dr. Nkosazana Dlamini Zuma,4367,58.76146788990826,63.6,4.84,2777,Moderate Increase (1-5pp)
54306009,KZN436 - Dr. Nkosazana Dlamini Zuma,4317,52.3409669211196,61.62,9.28,2660,Substantial Increase (>5pp)
54306010,KZN436 - Dr. Nkosazana Dlamini Zuma,4030,52.84692417739628,63.38,10.53,2554,Substantial Increase (>5pp)
54306011,KZN436 - Dr. Nkosazana Dlamini Zuma,4153,51.56532988357051,60.65,9.08,2519,Substantial Increase (>5pp)
54306012,KZN436 - Dr. Nkosazana Dlamini Zuma,4376,52.21238938053098,61.88,9.67,2708,Substantial Increase (>5pp)
54306013,KZN436 - Dr. Nkosazana Dlamini Zuma,3699,52.20301171221416,61.47,9.27,2274,Substantial Increase (>5pp)
54306014,KZN436 - Dr. Nkosazana Dlamini Zuma,3771,52.21789883268483,61.36,9.14,2314,Substantial Increase (>5pp)
54306015,KZN436 - Dr. Nkosazana Dlamini Zuma,4225,51.34146341463415,60.52,9.18,2557,Substantial Increase (>5pp)
