ward,voting_districts,registered_voters,municipality,source_file
59500001,14,19964,eThekwini,iec_kzn_ethekwini_ward_registration_2026_clean.csv
59500002,21,21172,eThekwini,iec_kzn_ethekwini_ward_registration_2026_clean.csv
59500003,13,17103,eThekwini,iec_kzn_ethekwini_ward_registration_2026_clean.csv
59500004,9,20987,eThekwini,iec_kzn_ethekwini_ward_registration_2026_clean.csv
59500005,5,14950,eThekwini,iec_kzn_ethekwini_ward_registration_2026_clean.csv
59500006,7,18454,eThekwini,iec_kzn_ethekwini_ward_registration_2026_clean.csv
59500007,7,16867,eThekwini,iec_kzn_ethekwini_ward_registration_2026_clean.csv
59500008,12,20847,eThekwini,iec_kzn_ethekwini_ward_registration_2026_clean.csv
59500009,10,20985,eThekwini,iec_kzn_ethekwini_ward_registration_2026_clean.csv
59500010,8,20505,eThekwini,iec_kzn_ethekwini_ward_registration_2026_clean.csv
59500011,8,21901,eThekwini,iec_kzn_ethekwini_ward_registration_2026_clean.csv
59500012,7,17495,eThekwini,iec_kzn_ethekwini_ward_registration_2026_clean.csv
59500013,7,17318,eThekwini,iec_kzn_ethekwini_ward_registration_2026_clean.csv
59500014,8,20024,eThekwini,iec_kzn_ethekwini_ward_registration_2026_clean.csv
59500015,7,19835,eThekwini,iec_kzn_ethekwini_ward_registration_2026_clean.csv
59500016,7,19791,eThekwini,iec_kzn_ethekwini_ward_registration_2026_clean.csv
59500017,9,22433,eThekwini,iec_kzn_ethekwini_ward_registration_2026_clean.csv
59500018,6,20995,eThekwini,iec_kzn_ethekwini_ward_registration_2026_clean.csv
59500019,8,20199,eThekwini,iec_kzn_ethekwini_ward_registration_2026_clean.csv
59500020,7,16140,eThekwini,iec_kzn_ethekwini_ward_registration_2026_clean.csv
59500021,6,18025,eThekwini,iec_kzn_ethekwini_ward_registration_2026_clean.csv
59500022,6,16753,eThekwini,iec_kzn_ethekwini_ward_registration_2026_clean.csv
59500023,6,21174,eThekwini,iec_kzn_ethekwini_ward_registration_2026_clean.csv
59500024,6,17529,eThekwini,iec_kzn_ethekwini_ward_registration_2026_clean.csv
59500025,6,18854,eThekwini,iec_kzn_ethekwini_ward_registration_2026_clean.csv
59500026,3,17971,eThekwini,iec_kzn_ethekwini_ward_registration_2026_clean.csv
59500027,7,18860,eThekwini,iec_kzn_ethekwini_ward_registration_2026_clean.csv
59500028,5,22645,eThekwini,iec_kzn_ethekwini_ward_registration_2026_clean.csv
59500029,3,18596,eThekwini,iec_kzn_ethekwini_ward_registration_2026_clean.csv
59500030,8,20158,eThekwini,iec_kzn_ethekwini_ward_registration_2026_clean.csv
59500031,8,20599,eThekwini,iec_kzn_ethekwini_ward_registration_2026_clean.csv
59500032,5,19777,eThekwini,iec_kzn_ethekwini_ward_registration_2026_clean.csv
59500033,9,24254,eThekwini,iec_kzn_ethekwini_ward_registration_2026_clean.csv
59500034,6,18405,eThekwini,iec_kzn_ethekwini_ward_registration_2026_clean.csv
59500035,5,20541,eThekwini,iec_kzn_ethekwini_ward_registration_2026_clean.csv
59500036,5,19314,eThekwini,iec_kzn_ethekwini_ward_registration_2026_clean.csv
59500037,6,19855,eThekwini,iec_kzn_ethekwini_ward_registration_2026_clean.csv
59500038,7,15182,eThekwini,iec_kzn_ethekwini_ward_registration_2026_clean.csv
59500039,5,16802,eThekwini,iec_kzn_ethekwini_ward_registration_2026_clean.csv
59500040,7,18533,eThekwini,iec_kzn_ethekwini_ward_registration_2026_clean.csv
59500041,5,17053,eThekwini,iec_kzn_ethekwini_ward_registration_2026_clean.csv
59500042,8,18545,eThekwini,iec_kzn_ethekwini_ward_registration_2026_clean.csv
59500043,7,16185,eThekwini,iec_kzn_ethekwini_ward_registration_2026_clean.csv
59500044,7,16686,eThekwini,iec_kzn_ethekwini_ward_registration_2026_clean.csv
59500045,7,17493,eThekwini,iec_kzn_ethekwini_ward_registration_2026_clean.csv
59500046,5,15572,eThekwini,iec_kzn_ethekwini_ward_registration_2026_clean.csv
59500047,6,16016,eThekwini,iec_kzn_ethekwini_ward_registration_2026_clean.csv
59500048,7,16258,eThekwini,iec_kzn_ethekwini_ward_registration_2026_clean.csv
59500049,8,20047,eThekwini,iec_kzn_ethekwini_ward_registration_2026_clean.csv
59500050,7,15169,eThekwini,iec_kzn_ethekwini_ward_registration_2026_clean.csv
59500051,7,17741,eThekwini,iec_kzn_ethekwini_ward_registration_2026_clean.csv
59500052,7,15432,eThekwini,iec_kzn_ethekwini_ward_registration_2026_clean.csv
59500053,4,14901,eThekwini,iec_kzn_ethekwini_ward_registration_2026_clean.csv
59500054,5,14189,eThekwini,iec_kzn_ethekwini_ward_registration_2026_clean.csv
59500055,8,16419,eThekwini,iec_kzn_ethekwini_ward_registration_2026_clean.csv
59500056,9,18871,eThekwini,iec_kzn_ethekwini_ward_registration_2026_clean.csv
59500057,7,15270,eThekwini,iec_kzn_ethekwini_ward_registration_2026_clean.csv
59500058,11,20251,eThekwini,iec_kzn_ethekwini_ward_registration_2026_clean.csv
59500059,9,16267,eThekwini,iec_kzn_ethekwini_ward_registration_2026_clean.csv
59500060,6,21979,eThekwini,iec_kzn_ethekwini_ward_registration_2026_clean.csv
59500061,7,16381,eThekwini,iec_kzn_ethekwini_ward_registration_2026_clean.csv
59500062,7,16596,eThekwini,iec_kzn_ethekwini_ward_registration_2026_clean.csv
59500063,6,20252,eThekwini,iec_kzn_ethekwini_ward_registration_2026_clean.csv
59500064,8,21094,eThekwini,iec_kzn_ethekwini_ward_registration_2026_clean.csv
59500065,8,19916,eThekwini,iec_kzn_ethekwini_ward_registration_2026_clean.csv
59500066,6,18908,eThekwini,iec_kzn_ethekwini_ward_registration_2026_clean.csv
59500067,8,16969,eThekwini,iec_kzn_ethekwini_ward_registration_2026_clean.csv
59500068,9,21089,eThekwini,iec_kzn_ethekwini_ward_registration_2026_clean.csv
59500069,9,17319,eThekwini,iec_kzn_ethekwini_ward_registration_2026_clean.csv
59500070,10,16914,eThekwini,iec_kzn_ethekwini_ward_registration_2026_clean.csv
59500071,5,19242,eThekwini,iec_kzn_ethekwini_ward_registration_2026_clean.csv
59500072,6,19869,eThekwini,iec_kzn_ethekwini_ward_registration_2026_clean.csv
59500073,9,16367,eThekwini,iec_kzn_ethekwini_ward_registration_2026_clean.csv
59500074,6,15873,eThekwini,iec_kzn_ethekwini_ward_registration_2026_clean.csv
59500075,5,14944,eThekwini,iec_kzn_ethekwini_ward_registration_2026_clean.csv
59500076,7,16303,eThekwini,iec_kzn_ethekwini_ward_registration_2026_clean.csv
59500077,8,19862,eThekwini,iec_kzn_ethekwini_ward_registration_2026_clean.csv
59500078,7,17769,eThekwini,iec_kzn_ethekwini_ward_registration_2026_clean.csv
59500079,6,19940,eThekwini,iec_kzn_ethekwini_ward_registration_2026_clean.csv
59500080,6,14970,eThekwini,iec_kzn_ethekwini_ward_registration_2026_clean.csv
59500081,8,17765,eThekwini,iec_kzn_ethekwini_ward_registration_2026_clean.csv
59500082,7,15003,eThekwini,iec_kzn_ethekwini_ward_registration_2026_clean.csv
59500083,8,17862,eThekwini,iec_kzn_ethekwini_ward_registration_2026_clean.csv
59500084,7,15188,eThekwini,iec_kzn_ethekwini_ward_registration_2026_clean.csv
59500085,7,15859,eThekwini,iec_kzn_ethekwini_ward_registration_2026_clean.csv
59500086,6,16873,eThekwini,iec_kzn_ethekwini_ward_registration_2026_clean.csv
59500087,5,14463,eThekwini,iec_kzn_ethekwini_ward_registration_2026_clean.csv
59500088,7,17836,eThekwini,iec_kzn_ethekwini_ward_registration_2026_clean.csv
59500089,4,18348,eThekwini,iec_kzn_ethekwini_ward_registration_2026_clean.csv
59500090,7,18614,eThekwini,iec_kzn_ethekwini_ward_registration_2026_clean.csv
59500091,8,16209,eThekwini,iec_kzn_ethekwini_ward_registration_2026_clean.csv
59500092,7,17745,eThekwini,iec_kzn_ethekwini_ward_registration_2026_clean.csv
59500093,7,17974,eThekwini,iec_kzn_ethekwini_ward_registration_2026_clean.csv
59500094,8,19282,eThekwini,iec_kzn_ethekwini_ward_registration_2026_clean.csv
59500095,6,19899,eThekwini,iec_kzn_ethekwini_ward_registration_2026_clean.csv
59500096,13,18216,eThekwini,iec_kzn_ethekwini_ward_registration_2026_clean.csv
59500097,5,18320,eThekwini,iec_kzn_ethekwini_ward_registration_2026_clean.csv
59500098,10,21063,eThekwini,iec_kzn_ethekwini_ward_registration_2026_clean.csv
59500099,9,17935,eThekwini,iec_kzn_ethekwini_ward_registration_2026_clean.csv
59500100,17,16375,eThekwini,iec_kzn_ethekwini_ward_registration_2026_clean.csv
59500101,4,18890,eThekwini,iec_kzn_ethekwini_ward_registration_2026_clean.csv
59500102,5,16632,eThekwini,iec_kzn_ethekwini_ward_registration_2026_clean.csv
59500103,12,21012,eThekwini,iec_kzn_ethekwini_ward_registration_2026_clean.csv
59500104,4,15719,eThekwini,iec_kzn_ethekwini_ward_registration_2026_clean.csv
59500105,26,16780,eThekwini,iec_kzn_ethekwini_ward_registration_2026_clean.csv
59500106,6,16132,eThekwini,iec_kzn_ethekwini_ward_registration_2026_clean.csv
59500107,5,16071,eThekwini,iec_kzn_ethekwini_ward_registration_2026_clean.csv
59500108,10,15302,eThekwini,iec_kzn_ethekwini_ward_registration_2026_clean.csv
59500109,7,19849,eThekwini,iec_kzn_ethekwini_ward_registration_2026_clean.csv
59500110,5,19858,eThekwini,iec_kzn_ethekwini_ward_registration_2026_clean.csv
59500111,11,15638,eThekwini,iec_kzn_ethekwini_ward_registration_2026_clean.csv
59500112,6,17140,eThekwini,iec_kzn_ethekwini_ward_registration_2026_clean.csv
52102001,10,3992,Umdoni,iec_kzn_kzn212___umdoni_ward_registration_2026_clean.csv
52102002,10,4556,Umdoni,iec_kzn_kzn212___umdoni_ward_registration_2026_clean.csv
52102003,6,5082,Umdoni,iec_kzn_kzn212___umdoni_ward_registration_2026_clean.csv
52102004,8,4008,Umdoni,iec_kzn_kzn212___umdoni_ward_registration_2026_clean.csv
52102005,5,4713,Umdoni,iec_kzn_kzn212___umdoni_ward_registration_2026_clean.csv
52102006,5,4300,Umdoni,iec_kzn_kzn212___umdoni_ward_registration_2026_clean.csv
52102007,3,4355,Umdoni,iec_kzn_kzn212___umdoni_ward_registration_2026_clean.csv
52102008,5,4765,Umdoni,iec_kzn_kzn212___umdoni_ward_registration_2026_clean.csv
52102009,4,4980,Umdoni,iec_kzn_kzn212___umdoni_ward_registration_2026_clean.csv
52102010,2,5212,Umdoni,iec_kzn_kzn212___umdoni_ward_registration_2026_clean.csv
52102011,6,4161,Umdoni,iec_kzn_kzn212___umdoni_ward_registration_2026_clean.csv
52102012,3,4397,Umdoni,iec_kzn_kzn212___umdoni_ward_registration_2026_clean.csv
52102013,2,4465,Umdoni,iec_kzn_kzn212___umdoni_ward_registration_2026_clean.csv
52102014,4,5564,Umdoni,iec_kzn_kzn212___umdoni_ward_registration_2026_clean.csv
52102015,2,4217,Umdoni,iec_kzn_kzn212___umdoni_ward_registration_2026_clean.csv
52102016,3,3133,Umdoni,iec_kzn_kzn212___umdoni_ward_registration_2026_clean.csv
52102017,2,4285,Umdoni,iec_kzn_kzn212___umdoni_ward_registration_2026_clean.csv
52102018,7,4192,Umdoni,iec_kzn_kzn212___umdoni_ward_registration_2026_clean.csv
52102019,6,4091,Umdoni,iec_kzn_kzn212___umdoni_ward_registration_2026_clean.csv
52103001,7,4168,Umzumbe,iec_kzn_kzn213___umzumbe_ward_registration_2026_clean.csv
52103002,6,4671,Umzumbe,iec_kzn_kzn213___umzumbe_ward_registration_2026_clean.csv
52103003,7,4505,Umzumbe,iec_kzn_kzn213___umzumbe_ward_registration_2026_clean.csv
52103004,7,4574,Umzumbe,iec_kzn_kzn213___umzumbe_ward_registration_2026_clean.csv
52103005,3,3563,Umzumbe,iec_kzn_kzn213___umzumbe_ward_registration_2026_clean.csv
52103006,7,3875,Umzumbe,iec_kzn_kzn213___umzumbe_ward_registration_2026_clean.csv
52103007,8,3262,Umzumbe,iec_kzn_kzn213___umzumbe_ward_registration_2026_clean.csv
52103008,6,4890,Umzumbe,iec_kzn_kzn213___umzumbe_ward_registration_2026_clean.csv
52103009,6,4276,Umzumbe,iec_kzn_kzn213___umzumbe_ward_registration_2026_clean.csv
52103010,3,5144,Umzumbe,iec_kzn_kzn213___umzumbe_ward_registration_2026_clean.csv
52103011,4,3840,Umzumbe,iec_kzn_kzn213___umzumbe_ward_registration_2026_clean.csv
52103012,8,4232,Umzumbe,iec_kzn_kzn213___umzumbe_ward_registration_2026_clean.csv
52103013,6,4263,Umzumbe,iec_kzn_kzn213___umzumbe_ward_registration_2026_clean.csv
52103014,6,4492,Umzumbe,iec_kzn_kzn213___umzumbe_ward_registration_2026_clean.csv
52103015,6,5092,Umzumbe,iec_kzn_kzn213___umzumbe_ward_registration_2026_clean.csv
52103016,7,4021,Umzumbe,iec_kzn_kzn213___umzumbe_ward_registration_2026_clean.csv
52103017,3,3950,Umzumbe,iec_kzn_kzn213___umzumbe_ward_registration_2026_clean.csv
52103018,5,4601,Umzumbe,iec_kzn_kzn213___umzumbe_ward_registration_2026_clean.csv
52103019,3,4074,Umzumbe,iec_kzn_kzn213___umzumbe_ward_registration_2026_clean.csv
52103020,3,3138,Umzumbe,iec_kzn_kzn213___umzumbe_ward_registration_2026_clean.csv
52104001,7,4172,Umuziwabantu,iec_kzn_kzn214___umuziwabantu_ward_registration_2026_clean.csv
52104002,9,5438,Umuziwabantu,iec_kzn_kzn214___umuziwabantu_ward_registration_2026_clean.csv
52104003,4,4811,Umuziwabantu,iec_kzn_kzn214___umuziwabantu_ward_registration_2026_clean.csv
52104004,4,4344,Umuziwabantu,iec_kzn_kzn214___umuziwabantu_ward_registration_2026_clean.csv
52104005,6,5649,Umuziwabantu,iec_kzn_kzn214___umuziwabantu_ward_registration_2026_clean.csv
52104006,3,4700,Umuziwabantu,iec_kzn_kzn214___umuziwabantu_ward_registration_2026_clean.csv
52104007,7,5815,Umuziwabantu,iec_kzn_kzn214___umuziwabantu_ward_registration_2026_clean.csv
52104008,5,4038,Umuziwabantu,iec_kzn_kzn214___umuziwabantu_ward_registration_2026_clean.csv
52104009,5,4906,Umuziwabantu,iec_kzn_kzn214___umuziwabantu_ward_registration_2026_clean.csv
52104010,7,4300,Umuziwabantu,iec_kzn_kzn214___umuziwabantu_ward_registration_2026_clean.csv
52104011,2,3965,Umuziwabantu,iec_kzn_kzn214___umuziwabantu_ward_registration_2026_clean.csv
52106001,4,6348,Ray Nkonyeni,iec_kzn_kzn216___ray_nkonyeni_ward_registration_2026_clean.csv
52106002,3,5780,Ray Nkonyeni,iec_kzn_kzn216___ray_nkonyeni_ward_registration_2026_clean.csv
52106003,3,5499,Ray Nkonyeni,iec_kzn_kzn216___ray_nkonyeni_ward_registration_2026_clean.csv
52106004,5,6622,Ray Nkonyeni,iec_kzn_kzn216___ray_nkonyeni_ward_registration_2026_clean.csv
52106005,3,4937,Ray Nkonyeni,iec_kzn_kzn216___ray_nkonyeni_ward_registration_2026_clean.csv
52106006,2,5410,Ray Nkonyeni,iec_kzn_kzn216___ray_nkonyeni_ward_registration_2026_clean.csv
52106007,5,5863,Ray Nkonyeni,iec_kzn_kzn216___ray_nkonyeni_ward_registration_2026_clean.csv
52106008,6,5599,Ray Nkonyeni,iec_kzn_kzn216___ray_nkonyeni_ward_registration_2026_clean.csv
52106009,5,5797,Ray Nkonyeni,iec_kzn_kzn216___ray_nkonyeni_ward_registration_2026_clean.csv
52106010,4,5723,Ray Nkonyeni,iec_kzn_kzn216___ray_nkonyeni_ward_registration_2026_clean.csv
52106011,6,6023,Ray Nkonyeni,iec_kzn_kzn216___ray_nkonyeni_ward_registration_2026_clean.csv
52106012,4,7254,Ray Nkonyeni,iec_kzn_kzn216___ray_nkonyeni_ward_registration_2026_clean.csv
52106013,6,5503,Ray Nkonyeni,iec_kzn_kzn216___ray_nkonyeni_ward_registration_2026_clean.csv
52106014,7,4442,Ray Nkonyeni,iec_kzn_kzn216___ray_nkonyeni_ward_registration_2026_clean.csv
52106015,6,6312,Ray Nkonyeni,iec_kzn_kzn216___ray_nkonyeni_ward_registration_2026_clean.csv
52106016,4,6045,Ray Nkonyeni,iec_kzn_kzn216___ray_nkonyeni_ward_registration_2026_clean.csv
52106017,5,5737,Ray Nkonyeni,iec_kzn_kzn216___ray_nkonyeni_ward_registration_2026_clean.csv
52106018,2,4211,Ray Nkonyeni,iec_kzn_kzn216___ray_nkonyeni_ward_registration_2026_clean.csv
52106019,1,5642,Ray Nkonyeni,iec_kzn_kzn216___ray_nkonyeni_ward_registration_2026_clean.csv
52106020,4,6163,Ray Nkonyeni,iec_kzn_kzn216___ray_nkonyeni_ward_registration_2026_clean.csv
52106021,6,6343,Ray Nkonyeni,iec_kzn_kzn216___ray_nkonyeni_ward_registration_2026_clean.csv
52106022,6,5607,Ray Nkonyeni,iec_kzn_kzn216___ray_nkonyeni_ward_registration_2026_clean.csv
52106023,5,5966,Ray Nkonyeni,iec_kzn_kzn216___ray_nkonyeni_ward_registration_2026_clean.csv
52106024,5,6384,Ray Nkonyeni,iec_kzn_kzn216___ray_nkonyeni_ward_registration_2026_clean.csv
52106025,5,5872,Ray Nkonyeni,iec_kzn_kzn216___ray_nkonyeni_ward_registration_2026_clean.csv
52106026,2,4615,Ray Nkonyeni,iec_kzn_kzn216___ray_nkonyeni_ward_registration_2026_clean.csv
52106027,3,6757,Ray Nkonyeni,iec_kzn_kzn216___ray_nkonyeni_ward_registration_2026_clean.csv
52106028,4,4864,Ray Nkonyeni,iec_kzn_kzn216___ray_nkonyeni_ward_registration_2026_clean.csv
52106029,7,5561,Ray Nkonyeni,iec_kzn_kzn216___ray_nkonyeni_ward_registration_2026_clean.csv
52106030,8,4901,Ray Nkonyeni,iec_kzn_kzn216___ray_nkonyeni_ward_registration_2026_clean.csv
52106031,4,4832,Ray Nkonyeni,iec_kzn_kzn216___ray_nkonyeni_ward_registration_2026_clean.csv
52106032,6,5379,Ray Nkonyeni,iec_kzn_kzn216___ray_nkonyeni_ward_registration_2026_clean.csv
52106033,5,4766,Ray Nkonyeni,iec_kzn_kzn216___ray_nkonyeni_ward_registration_2026_clean.csv
52106034,8,4920,Ray Nkonyeni,iec_kzn_kzn216___ray_nkonyeni_ward_registration_2026_clean.csv
52106035,6,4506,Ray Nkonyeni,iec_kzn_kzn216___ray_nkonyeni_ward_registration_2026_clean.csv
52106036,7,4958,Ray Nkonyeni,iec_kzn_kzn216___ray_nkonyeni_ward_registration_2026_clean.csv
52201001,7,4938,Umshwathi,iec_kzn_kzn221___umshwathi_ward_registration_2026_clean.csv
52201002,4,4733,Umshwathi,iec_kzn_kzn221___umshwathi_ward_registration_2026_clean.csv
52201003,5,4946,Umshwathi,iec_kzn_kzn221___umshwathi_ward_registration_2026_clean.csv
52201004,5,4681,Umshwathi,iec_kzn_kzn221___umshwathi_ward_registration_2026_clean.csv
52201005,4,4189,Umshwathi,iec_kzn_kzn221___umshwathi_ward_registration_2026_clean.csv
52201006,6,3891,Umshwathi,iec_kzn_kzn221___umshwathi_ward_registration_2026_clean.csv
52201007,3,4153,Umshwathi,iec_kzn_kzn221___umshwathi_ward_registration_2026_clean.csv
52201008,4,3915,Umshwathi,iec_kzn_kzn221___umshwathi_ward_registration_2026_clean.csv
52201009,2,3978,Umshwathi,iec_kzn_kzn221___umshwathi_ward_registration_2026_clean.csv
52201010,4,5421,Umshwathi,iec_kzn_kzn221___umshwathi_ward_registration_2026_clean.csv
52201011,6,4896,Umshwathi,iec_kzn_kzn221___umshwathi_ward_registration_2026_clean.csv
52201012,4,3645,Umshwathi,iec_kzn_kzn221___umshwathi_ward_registration_2026_clean.csv
52201013,6,4297,Umshwathi,iec_kzn_kzn221___umshwathi_ward_registration_2026_clean.csv
52201014,6,4511,Umshwathi,iec_kzn_kzn221___umshwathi_ward_registration_2026_clean.csv
52202001,3,5301,Umngeni,iec_kzn_kzn222___umngeni_ward_registration_2026_clean.csv
52202002,3,5416,Umngeni,iec_kzn_kzn222___umngeni_ward_registration_2026_clean.csv
52202003,7,4128,Umngeni,iec_kzn_kzn222___umngeni_ward_registration_2026_clean.csv
52202004,4,4452,Umngeni,iec_kzn_kzn222___umngeni_ward_registration_2026_clean.csv
52202005,4,4730,Umngeni,iec_kzn_kzn222___umngeni_ward_registration_2026_clean.csv
52202006,5,5409,Umngeni,iec_kzn_kzn222___umngeni_ward_registration_2026_clean.csv
52202007,3,5401,Umngeni,iec_kzn_kzn222___umngeni_ward_registration_2026_clean.csv
52202008,4,4127,Umngeni,iec_kzn_kzn222___umngeni_ward_registration_2026_clean.csv
52202009,4,4635,Umngeni,iec_kzn_kzn222___umngeni_ward_registration_2026_clean.csv
52202010,2,4113,Umngeni,iec_kzn_kzn222___umngeni_ward_registration_2026_clean.csv
52202011,3,4576,Umngeni,iec_kzn_kzn222___umngeni_ward_registration_2026_clean.csv
52202012,2,4676,Umngeni,iec_kzn_kzn222___umngeni_ward_registration_2026_clean.csv
52202013,2,4633,Umngeni,iec_kzn_kzn222___umngeni_ward_registration_2026_clean.csv
52203001,4,3465,Mpofana,iec_kzn_kzn223___mpofana_ward_registration_2026_clean.csv
52203002,7,2671,Mpofana,iec_kzn_kzn223___mpofana_ward_registration_2026_clean.csv
52203003,3,3612,Mpofana,iec_kzn_kzn223___mpofana_ward_registration_2026_clean.csv
52203004,8,3101,Mpofana,iec_kzn_kzn223___mpofana_ward_registration_2026_clean.csv
52203005,1,3046,Mpofana,iec_kzn_kzn223___mpofana_ward_registration_2026_clean.csv
52203006,6,2758,Mpofana,iec_kzn_kzn223___mpofana_ward_registration_2026_clean.csv
52204001,7,2632,Impendle,iec_kzn_kzn224___impendle_ward_registration_2026_clean.csv
52204002,5,3561,Impendle,iec_kzn_kzn224___impendle_ward_registration_2026_clean.csv
52204003,5,3103,Impendle,iec_kzn_kzn224___impendle_ward_registration_2026_clean.csv
52204004,5,3294,Impendle,iec_kzn_kzn224___impendle_ward_registration_2026_clean.csv
52204005,5,3123,Impendle,iec_kzn_kzn224___impendle_ward_registration_2026_clean.csv
52204006,5,2884,Impendle,iec_kzn_kzn224___impendle_ward_registration_2026_clean.csv
52205001,7,8819,Msunduzi,iec_kzn_kzn225___msunduzi_ward_registration_2026_clean.csv
52205002,7,7948,Msunduzi,iec_kzn_kzn225___msunduzi_ward_registration_2026_clean.csv
52205003,9,10072,Msunduzi,iec_kzn_kzn225___msunduzi_ward_registration_2026_clean.csv
52205004,6,7760,Msunduzi,iec_kzn_kzn225___msunduzi_ward_registration_2026_clean.csv
52205005,9,10393,Msunduzi,iec_kzn_kzn225___msunduzi_ward_registration_2026_clean.csv
52205006,9,8985,Msunduzi,iec_kzn_kzn225___msunduzi_ward_registration_2026_clean.csv
52205007,8,8508,Msunduzi,iec_kzn_kzn225___msunduzi_ward_registration_2026_clean.csv
52205008,7,7887,Msunduzi,iec_kzn_kzn225___msunduzi_ward_registration_2026_clean.csv
52205009,8,8961,Msunduzi,iec_kzn_kzn225___msunduzi_ward_registration_2026_clean.csv
52205010,6,8002,Msunduzi,iec_kzn_kzn225___msunduzi_ward_registration_2026_clean.csv
52205011,7,10060,Msunduzi,iec_kzn_kzn225___msunduzi_ward_registration_2026_clean.csv
52205012,6,7910,Msunduzi,iec_kzn_kzn225___msunduzi_ward_registration_2026_clean.csv
52205013,5,8759,Msunduzi,iec_kzn_kzn225___msunduzi_ward_registration_2026_clean.csv
52205014,4,8156,Msunduzi,iec_kzn_kzn225___msunduzi_ward_registration_2026_clean.csv
52205015,5,9317,Msunduzi,iec_kzn_kzn225___msunduzi_ward_registration_2026_clean.csv
52205016,6,9775,Msunduzi,iec_kzn_kzn225___msunduzi_ward_registration_2026_clean.csv
52205017,7,9843,Msunduzi,iec_kzn_kzn225___msunduzi_ward_registration_2026_clean.csv
52205018,3,8108,Msunduzi,iec_kzn_kzn225___msunduzi_ward_registration_2026_clean.csv
52205019,6,8962,Msunduzi,iec_kzn_kzn225___msunduzi_ward_registration_2026_clean.csv
52205020,4,8047,Msunduzi,iec_kzn_kzn225___msunduzi_ward_registration_2026_clean.csv
52205021,5,8125,Msunduzi,iec_kzn_kzn225___msunduzi_ward_registration_2026_clean.csv
52205022,5,8911,Msunduzi,iec_kzn_kzn225___msunduzi_ward_registration_2026_clean.csv
52205023,3,8700,Msunduzi,iec_kzn_kzn225___msunduzi_ward_registration_2026_clean.csv
52205024,7,10266,Msunduzi,iec_kzn_kzn225___msunduzi_ward_registration_2026_clean.csv
52205025,3,8482,Msunduzi,iec_kzn_kzn225___msunduzi_ward_registration_2026_clean.csv
52205026,6,9504,Msunduzi,iec_kzn_kzn225___msunduzi_ward_registration_2026_clean.csv
52205027,5,9065,Msunduzi,iec_kzn_kzn225___msunduzi_ward_registration_2026_clean.csv
52205028,5,9669,Msunduzi,iec_kzn_kzn225___msunduzi_ward_registration_2026_clean.csv
52205029,4,7970,Msunduzi,iec_kzn_kzn225___msunduzi_ward_registration_2026_clean.csv
52205030,6,10296,Msunduzi,iec_kzn_kzn225___msunduzi_ward_registration_2026_clean.csv
52205031,5,9412,Msunduzi,iec_kzn_kzn225___msunduzi_ward_registration_2026_clean.csv
52205032,6,10127,Msunduzi,iec_kzn_kzn225___msunduzi_ward_registration_2026_clean.csv
52205033,5,9982,Msunduzi,iec_kzn_kzn225___msunduzi_ward_registration_2026_clean.csv
52205034,6,8973,Msunduzi,iec_kzn_kzn225___msunduzi_ward_registration_2026_clean.csv
52205035,4,9849,Msunduzi,iec_kzn_kzn225___msunduzi_ward_registration_2026_clean.csv
52205036,4,9825,Msunduzi,iec_kzn_kzn225___msunduzi_ward_registration_2026_clean.csv
52205037,6,8754,Msunduzi,iec_kzn_kzn225___msunduzi_ward_registration_2026_clean.csv
52205038,4,7781,Msunduzi,iec_kzn_kzn225___msunduzi_ward_registration_2026_clean.csv
52205039,9,7560,Msunduzi,iec_kzn_kzn225___msunduzi_ward_registration_2026_clean.csv
52205040,9,7006,Msunduzi,iec_kzn_kzn225___msunduzi_ward_registration_2026_clean.csv
52205041,4,9737,Msunduzi,iec_kzn_kzn225___msunduzi_ward_registration_2026_clean.csv
52206001,3,4470,Mkhambathini,iec_kzn_kzn226___mkhambathini_ward_registration_2026_clean.csv
52206002,5,4455,Mkhambathini,iec_kzn_kzn226___mkhambathini_ward_registration_2026_clean.csv
52206003,5,4937,Mkhambathini,iec_kzn_kzn226___mkhambathini_ward_registration_2026_clean.csv
52206004,6,4252,Mkhambathini,iec_kzn_kzn226___mkhambathini_ward_registration_2026_clean.csv
52206005,4,4220,Mkhambathini,iec_kzn_kzn226___mkhambathini_ward_registration_2026_clean.csv
52206006,4,3957,Mkhambathini,iec_kzn_kzn226___mkhambathini_ward_registration_2026_clean.csv
52206007,7,5121,Mkhambathini,iec_kzn_kzn226___mkhambathini_ward_registration_2026_clean.csv
52206008,5,5187,Mkhambathini,iec_kzn_kzn226___mkhambathini_ward_registration_2026_clean.csv
52206009,4,4137,Mkhambathini,iec_kzn_kzn226___mkhambathini_ward_registration_2026_clean.csv
52206010,6,3857,Mkhambathini,iec_kzn_kzn226___mkhambathini_ward_registration_2026_clean.csv
52207001,4,4423,Richmond,iec_kzn_kzn227___richmond_ward_registration_2026_clean.csv
52207002,6,5059,Richmond,iec_kzn_kzn227___richmond_ward_registration_2026_clean.csv
52207003,5,3792,Richmond,iec_kzn_kzn227___richmond_ward_registration_2026_clean.csv
52207004,2,4626,Richmond,iec_kzn_kzn227___richmond_ward_registration_2026_clean.csv
52207005,9,3703,Richmond,iec_kzn_kzn227___richmond_ward_registration_2026_clean.csv
52207006,9,3904,Richmond,iec_kzn_kzn227___richmond_ward_registration_2026_clean.csv
52207007,2,3976,Richmond,iec_kzn_kzn227___richmond_ward_registration_2026_clean.csv
52207008,4,4066,Richmond,iec_kzn_kzn227___richmond_ward_registration_2026_clean.csv
52207009,4,4957,Richmond,iec_kzn_kzn227___richmond_ward_registration_2026_clean.csv
52305001,4,4726,Okhahlamba,iec_kzn_kzn235___okhahlamba_ward_registration_2026_clean.csv
52305002,6,5678,Okhahlamba,iec_kzn_kzn235___okhahlamba_ward_registration_2026_clean.csv
52305003,7,4487,Okhahlamba,iec_kzn_kzn235___okhahlamba_ward_registration_2026_clean.csv
52305004,7,5417,Okhahlamba,iec_kzn_kzn235___okhahlamba_ward_registration_2026_clean.csv
52305005,7,4371,Okhahlamba,iec_kzn_kzn235___okhahlamba_ward_registration_2026_clean.csv
52305006,6,4539,Okhahlamba,iec_kzn_kzn235___okhahlamba_ward_registration_2026_clean.csv
52305007,6,4713,Okhahlamba,iec_kzn_kzn235___okhahlamba_ward_registration_2026_clean.csv
52305008,7,4673,Okhahlamba,iec_kzn_kzn235___okhahlamba_ward_registration_2026_clean.csv
52305009,5,4266,Okhahlamba,iec_kzn_kzn235___okhahlamba_ward_registration_2026_clean.csv
52305010,8,4734,Okhahlamba,iec_kzn_kzn235___okhahlamba_ward_registration_2026_clean.csv
52305011,4,4200,Okhahlamba,iec_kzn_kzn235___okhahlamba_ward_registration_2026_clean.csv
52305012,7,4489,Okhahlamba,iec_kzn_kzn235___okhahlamba_ward_registration_2026_clean.csv
52305013,8,3734,Okhahlamba,iec_kzn_kzn235___okhahlamba_ward_registration_2026_clean.csv
52305014,6,4735,Okhahlamba,iec_kzn_kzn235___okhahlamba_ward_registration_2026_clean.csv
52305015,4,3987,Okhahlamba,iec_kzn_kzn235___okhahlamba_ward_registration_2026_clean.csv
52307001,6,4121,Inkosi Langalibalele,iec_kzn_kzn237___inkosi_langalibalele_ward_registration_2026_clean.csv
52307002,4,4677,Inkosi Langalibalele,iec_kzn_kzn237___inkosi_langalibalele_ward_registration_2026_clean.csv
52307003,5,3748,Inkosi Langalibalele,iec_kzn_kzn237___inkosi_langalibalele_ward_registration_2026_clean.csv
52307004,3,4629,Inkosi Langalibalele,iec_kzn_kzn237___inkosi_langalibalele_ward_registration_2026_clean.csv
52307005,3,4536,Inkosi Langalibalele,iec_kzn_kzn237___inkosi_langalibalele_ward_registration_2026_clean.csv
52307006,4,4943,Inkosi Langalibalele,iec_kzn_kzn237___inkosi_langalibalele_ward_registration_2026_clean.csv
52307007,5,4717,Inkosi Langalibalele,iec_kzn_kzn237___inkosi_langalibalele_ward_registration_2026_clean.csv
52307008,4,4839,Inkosi Langalibalele,iec_kzn_kzn237___inkosi_langalibalele_ward_registration_2026_clean.csv
52307009,3,5184,Inkosi Langalibalele,iec_kzn_kzn237___inkosi_langalibalele_ward_registration_2026_clean.csv
52307010,3,4345,Inkosi Langalibalele,iec_kzn_kzn237___inkosi_langalibalele_ward_registration_2026_clean.csv
52307011,8,4724,Inkosi Langalibalele,iec_kzn_kzn237___inkosi_langalibalele_ward_registration_2026_clean.csv
52307012,7,4246,Inkosi Langalibalele,iec_kzn_kzn237___inkosi_langalibalele_ward_registration_2026_clean.csv
52307013,4,4794,Inkosi Langalibalele,iec_kzn_kzn237___inkosi_langalibalele_ward_registration_2026_clean.csv
52307014,4,3578,Inkosi Langalibalele,iec_kzn_kzn237___inkosi_langalibalele_ward_registration_2026_clean.csv
52307015,4,4673,Inkosi Langalibalele,iec_kzn_kzn237___inkosi_langalibalele_ward_registration_2026_clean.csv
52307016,6,4844,Inkosi Langalibalele,iec_kzn_kzn237___inkosi_langalibalele_ward_registration_2026_clean.csv
52307017,2,4773,Inkosi Langalibalele,iec_kzn_kzn237___inkosi_langalibalele_ward_registration_2026_clean.csv
52307018,6,5512,Inkosi Langalibalele,iec_kzn_kzn237___inkosi_langalibalele_ward_registration_2026_clean.csv
52307019,8,4369,Inkosi Langalibalele,iec_kzn_kzn237___inkosi_langalibalele_ward_registration_2026_clean.csv
52307020,8,3957,Inkosi Langalibalele,iec_kzn_kzn237___inkosi_langalibalele_ward_registration_2026_clean.csv
52307021,6,4916,Inkosi Langalibalele,iec_kzn_kzn237___inkosi_langalibalele_ward_registration_2026_clean.csv
52307022,11,5046,Inkosi Langalibalele,iec_kzn_kzn237___inkosi_langalibalele_ward_registration_2026_clean.csv
52307023,6,5366,Inkosi Langalibalele,iec_kzn_kzn237___inkosi_langalibalele_ward_registration_2026_clean.csv
52307024,6,3666,Inkosi Langalibalele,iec_kzn_kzn237___inkosi_langalibalele_ward_registration_2026_clean.csv
52308001,4,5020,Alfred Duma,iec_kzn_kzn238___alfred_duma_ward_registration_2026_clean.csv
52308002,2,4411,Alfred Duma,iec_kzn_kzn238___alfred_duma_ward_registration_2026_clean.csv
52308003,3,4705,Alfred Duma,iec_kzn_kzn238___alfred_duma_ward_registration_2026_clean.csv
52308004,2,3598,Alfred Duma,iec_kzn_kzn238___alfred_duma_ward_registration_2026_clean.csv
52308005,3,4772,Alfred Duma,iec_kzn_kzn238___alfred_duma_ward_registration_2026_clean.csv
52308006,3,4303,Alfred Duma,iec_kzn_kzn238___alfred_duma_ward_registration_2026_clean.csv
52308007,5,5818,Alfred Duma,iec_kzn_kzn238___alfred_duma_ward_registration_2026_clean.csv
52308008,4,5630,Alfred Duma,iec_kzn_kzn238___alfred_duma_ward_registration_2026_clean.csv
52308009,3,5762,Alfred Duma,iec_kzn_kzn238___alfred_duma_ward_registration_2026_clean.csv
52308010,4,5619,Alfred Duma,iec_kzn_kzn238___alfred_duma_ward_registration_2026_clean.csv
52308011,4,5811,Alfred Duma,iec_kzn_kzn238___alfred_duma_ward_registration_2026_clean.csv
52308012,4,5608,Alfred Duma,iec_kzn_kzn238___alfred_duma_ward_registration_2026_clean.csv
52308013,3,4117,Alfred Duma,iec_kzn_kzn238___alfred_duma_ward_registration_2026_clean.csv
52308014,5,5236,Alfred Duma,iec_kzn_kzn238___alfred_duma_ward_registration_2026_clean.csv
52308015,4,4718,Alfred Duma,iec_kzn_kzn238___alfred_duma_ward_registration_2026_clean.csv
52308016,4,4504,Alfred Duma,iec_kzn_kzn238___alfred_duma_ward_registration_2026_clean.csv
52308017,4,4542,Alfred Duma,iec_kzn_kzn238___alfred_duma_ward_registration_2026_clean.csv
52308018,4,3275,Alfred Duma,iec_kzn_kzn238___alfred_duma_ward_registration_2026_clean.csv
52308019,5,4482,Alfred Duma,iec_kzn_kzn238___alfred_duma_ward_registration_2026_clean.csv
52308020,2,4868,Alfred Duma,iec_kzn_kzn238___alfred_duma_ward_registration_2026_clean.csv
52308021,3,4593,Alfred Duma,iec_kzn_kzn238___alfred_duma_ward_registration_2026_clean.csv
52308022,5,5467,Alfred Duma,iec_kzn_kzn238___alfred_duma_ward_registration_2026_clean.csv
52308023,5,4694,Alfred Duma,iec_kzn_kzn238___alfred_duma_ward_registration_2026_clean.csv
52308024,8,4762,Alfred Duma,iec_kzn_kzn238___alfred_duma_ward_registration_2026_clean.csv
52308025,4,5093,Alfred Duma,iec_kzn_kzn238___alfred_duma_ward_registration_2026_clean.csv
52308026,8,3854,Alfred Duma,iec_kzn_kzn238___alfred_duma_ward_registration_2026_clean.csv
52308027,3,4962,Alfred Duma,iec_kzn_kzn238___alfred_duma_ward_registration_2026_clean.csv
52308028,6,5064,Alfred Duma,iec_kzn_kzn238___alfred_duma_ward_registration_2026_clean.csv
52308029,9,5143,Alfred Duma,iec_kzn_kzn238___alfred_duma_ward_registration_2026_clean.csv
52308030,6,4595,Alfred Duma,iec_kzn_kzn238___alfred_duma_ward_registration_2026_clean.csv
52308031,8,4457,Alfred Duma,iec_kzn_kzn238___alfred_duma_ward_registration_2026_clean.csv
52308032,6,5466,Alfred Duma,iec_kzn_kzn238___alfred_duma_ward_registration_2026_clean.csv
52308033,4,5114,Alfred Duma,iec_kzn_kzn238___alfred_duma_ward_registration_2026_clean.csv
52308034,5,4743,Alfred Duma,iec_kzn_kzn238___alfred_duma_ward_registration_2026_clean.csv
52308035,7,6399,Alfred Duma,iec_kzn_kzn238___alfred_duma_ward_registration_2026_clean.csv
52308036,6,5437,Alfred Duma,iec_kzn_kzn238___alfred_duma_ward_registration_2026_clean.csv
52308037,5,4693,Alfred Duma,iec_kzn_kzn238___alfred_duma_ward_registration_2026_clean.csv
52401001,4,4176,Endumeni,iec_kzn_kzn241___endumeni_ward_registration_2026_clean.csv
52401002,3,5144,Endumeni,iec_kzn_kzn241___endumeni_ward_registration_2026_clean.csv
52401003,2,4039,Endumeni,iec_kzn_kzn241___endumeni_ward_registration_2026_clean.csv
52401004,2,4296,Endumeni,iec_kzn_kzn241___endumeni_ward_registration_2026_clean.csv
52401005,3,4478,Endumeni,iec_kzn_kzn241___endumeni_ward_registration_2026_clean.csv
52401006,6,5486,Endumeni,iec_kzn_kzn241___endumeni_ward_registration_2026_clean.csv
52401007,3,5173,Endumeni,iec_kzn_kzn241___endumeni_ward_registration_2026_clean.csv
52401008,4,3132,Endumeni,iec_kzn_kzn241___endumeni_ward_registration_2026_clean.csv
52402001,6,4505,Nqutu,iec_kzn_kzn242___nqutu_ward_registration_2026_clean.csv
52402002,7,3783,Nqutu,iec_kzn_kzn242___nqutu_ward_registration_2026_clean.csv
52402003,8,3770,Nqutu,iec_kzn_kzn242___nqutu_ward_registration_2026_clean.csv
52402004,4,4480,Nqutu,iec_kzn_kzn242___nqutu_ward_registration_2026_clean.csv
52402005,8,4619,Nqutu,iec_kzn_kzn242___nqutu_ward_registration_2026_clean.csv
52402006,4,4875,Nqutu,iec_kzn_kzn242___nqutu_ward_registration_2026_clean.csv
52402007,7,4214,Nqutu,iec_kzn_kzn242___nqutu_ward_registration_2026_clean.csv
52402008,5,3535,Nqutu,iec_kzn_kzn242___nqutu_ward_registration_2026_clean.csv
52402009,5,5166,Nqutu,iec_kzn_kzn242___nqutu_ward_registration_2026_clean.csv
52402010,4,4223,Nqutu,iec_kzn_kzn242___nqutu_ward_registration_2026_clean.csv
52402011,9,4706,Nqutu,iec_kzn_kzn242___nqutu_ward_registration_2026_clean.csv
52402012,9,4997,Nqutu,iec_kzn_kzn242___nqutu_ward_registration_2026_clean.csv
52402013,6,4019,Nqutu,iec_kzn_kzn242___nqutu_ward_registration_2026_clean.csv
52402014,7,4551,Nqutu,iec_kzn_kzn242___nqutu_ward_registration_2026_clean.csv
52402015,4,4830,Nqutu,iec_kzn_kzn242___nqutu_ward_registration_2026_clean.csv
52402016,5,4804,Nqutu,iec_kzn_kzn242___nqutu_ward_registration_2026_clean.csv
52402017,5,4435,Nqutu,iec_kzn_kzn242___nqutu_ward_registration_2026_clean.csv
52402018,8,3793,Nqutu,iec_kzn_kzn242___nqutu_ward_registration_2026_clean.csv
52402019,7,4489,Nqutu,iec_kzn_kzn242___nqutu_ward_registration_2026_clean.csv
52402020,5,4649,Nqutu,iec_kzn_kzn242___nqutu_ward_registration_2026_clean.csv
52404001,8,4171,Umsinga,iec_kzn_kzn244___umsinga_ward_registration_2026_clean.csv
52404002,7,4443,Umsinga,iec_kzn_kzn244___umsinga_ward_registration_2026_clean.csv
52404003,7,5668,Umsinga,iec_kzn_kzn244___umsinga_ward_registration_2026_clean.csv
52404004,7,6034,Umsinga,iec_kzn_kzn244___umsinga_ward_registration_2026_clean.csv
52404005,6,4529,Umsinga,iec_kzn_kzn244___umsinga_ward_registration_2026_clean.csv
52404006,8,4991,Umsinga,iec_kzn_kzn244___umsinga_ward_registration_2026_clean.csv
52404007,9,5316,Umsinga,iec_kzn_kzn244___umsinga_ward_registration_2026_clean.csv
52404008,5,4485,Umsinga,iec_kzn_kzn244___umsinga_ward_registration_2026_clean.csv
52404009,8,4768,Umsinga,iec_kzn_kzn244___umsinga_ward_registration_2026_clean.csv
52404010,7,4224,Umsinga,iec_kzn_kzn244___umsinga_ward_registration_2026_clean.csv
52404011,6,5180,Umsinga,iec_kzn_kzn244___umsinga_ward_registration_2026_clean.csv
52404012,5,4898,Umsinga,iec_kzn_kzn244___umsinga_ward_registration_2026_clean.csv
52404013,9,4485,Umsinga,iec_kzn_kzn244___umsinga_ward_registration_2026_clean.csv
52404014,6,4100,Umsinga,iec_kzn_kzn244___umsinga_ward_registration_2026_clean.csv
52404015,8,4893,Umsinga,iec_kzn_kzn244___umsinga_ward_registration_2026_clean.csv
52404016,7,4083,Umsinga,iec_kzn_kzn244___umsinga_ward_registration_2026_clean.csv
52404017,7,4551,Umsinga,iec_kzn_kzn244___umsinga_ward_registration_2026_clean.csv
52404018,5,5188,Umsinga,iec_kzn_kzn244___umsinga_ward_registration_2026_clean.csv
52404019,6,4009,Umsinga,iec_kzn_kzn244___umsinga_ward_registration_2026_clean.csv
52404020,6,4023,Umsinga,iec_kzn_kzn244___umsinga_ward_registration_2026_clean.csv
52404021,9,4111,Umsinga,iec_kzn_kzn244___umsinga_ward_registration_2026_clean.csv
52405001,12,4773,Umvoti,iec_kzn_kzn245___umvoti_ward_registration_2026_clean.csv
52405002,3,4414,Umvoti,iec_kzn_kzn245___umvoti_ward_registration_2026_clean.csv
52405003,6,4011,Umvoti,iec_kzn_kzn245___umvoti_ward_registration_2026_clean.csv
52405004,6,4538,Umvoti,iec_kzn_kzn245___umvoti_ward_registration_2026_clean.csv
52405005,9,5297,Umvoti,iec_kzn_kzn245___umvoti_ward_registration_2026_clean.csv
52405006,11,4862,Umvoti,iec_kzn_kzn245___umvoti_ward_registration_2026_clean.csv
52405007,3,5922,Umvoti,iec_kzn_kzn245___umvoti_ward_registration_2026_clean.csv
52405008,5,3760,Umvoti,iec_kzn_kzn245___umvoti_ward_registration_2026_clean.csv
52405009,3,4497,Umvoti,iec_kzn_kzn245___umvoti_ward_registration_2026_clean.csv
52405010,8,4192,Umvoti,iec_kzn_kzn245___umvoti_ward_registration_2026_clean.csv
52405011,7,5163,Umvoti,iec_kzn_kzn245___umvoti_ward_registration_2026_clean.csv
52405012,9,4917,Umvoti,iec_kzn_kzn245___umvoti_ward_registration_2026_clean.csv
52405013,4,4142,Umvoti,iec_kzn_kzn245___umvoti_ward_registration_2026_clean.csv
52405014,8,5159,Umvoti,iec_kzn_kzn245___umvoti_ward_registration_2026_clean.csv
52502001,8,5341,Newcastle,iec_kzn_kzn252___newcastle_ward_registration_2026_clean.csv
52502002,3,5488,Newcastle,iec_kzn_kzn252___newcastle_ward_registration_2026_clean.csv
52502003,2,4526,Newcastle,iec_kzn_kzn252___newcastle_ward_registration_2026_clean.csv
52502004,3,4597,Newcastle,iec_kzn_kzn252___newcastle_ward_registration_2026_clean.csv
52502005,3,4023,Newcastle,iec_kzn_kzn252___newcastle_ward_registration_2026_clean.csv
52502006,4,5367,Newcastle,iec_kzn_kzn252___newcastle_ward_registration_2026_clean.csv
52502007,2,5195,Newcastle,iec_kzn_kzn252___newcastle_ward_registration_2026_clean.csv
52502008,3,5754,Newcastle,iec_kzn_kzn252___newcastle_ward_registration_2026_clean.csv
52502009,3,6288,Newcastle,iec_kzn_kzn252___newcastle_ward_registration_2026_clean.csv
52502010,4,4937,Newcastle,iec_kzn_kzn252___newcastle_ward_registration_2026_clean.csv
52502011,3,5435,Newcastle,iec_kzn_kzn252___newcastle_ward_registration_2026_clean.csv
52502012,4,5111,Newcastle,iec_kzn_kzn252___newcastle_ward_registration_2026_clean.csv
52502013,3,6573,Newcastle,iec_kzn_kzn252___newcastle_ward_registration_2026_clean.csv
52502014,3,5634,Newcastle,iec_kzn_kzn252___newcastle_ward_registration_2026_clean.csv
52502015,3,5396,Newcastle,iec_kzn_kzn252___newcastle_ward_registration_2026_clean.csv
52502016,2,5293,Newcastle,iec_kzn_kzn252___newcastle_ward_registration_2026_clean.csv
52502017,4,6037,Newcastle,iec_kzn_kzn252___newcastle_ward_registration_2026_clean.csv
52502018,4,6431,Newcastle,iec_kzn_kzn252___newcastle_ward_registration_2026_clean.csv
52502019,4,7283,Newcastle,iec_kzn_kzn252___newcastle_ward_registration_2026_clean.csv
52502020,3,6207,Newcastle,iec_kzn_kzn252___newcastle_ward_registration_2026_clean.csv
52502021,6,5290,Newcastle,iec_kzn_kzn252___newcastle_ward_registration_2026_clean.csv
52502022,3,4888,Newcastle,iec_kzn_kzn252___newcastle_ward_registration_2026_clean.csv
52502023,4,6148,Newcastle,iec_kzn_kzn252___newcastle_ward_registration_2026_clean.csv
52502024,4,7057,Newcastle,iec_kzn_kzn252___newcastle_ward_registration_2026_clean.csv
52502025,3,5882,Newcastle,iec_kzn_kzn252___newcastle_ward_registration_2026_clean.csv
52502026,4,5889,Newcastle,iec_kzn_kzn252___newcastle_ward_registration_2026_clean.csv
52502027,4,6065,Newcastle,iec_kzn_kzn252___newcastle_ward_registration_2026_clean.csv
52502028,4,6794,Newcastle,iec_kzn_kzn252___newcastle_ward_registration_2026_clean.csv
52502029,3,4484,Newcastle,iec_kzn_kzn252___newcastle_ward_registration_2026_clean.csv
52502030,4,5451,Newcastle,iec_kzn_kzn252___newcastle_ward_registration_2026_clean.csv
52502031,3,5818,Newcastle,iec_kzn_kzn252___newcastle_ward_registration_2026_clean.csv
52502032,3,4742,Newcastle,iec_kzn_kzn252___newcastle_ward_registration_2026_clean.csv
52502033,3,5096,Newcastle,iec_kzn_kzn252___newcastle_ward_registration_2026_clean.csv
52502034,2,5111,Newcastle,iec_kzn_kzn252___newcastle_ward_registration_2026_clean.csv
52502035,6,6993,Newcastle,iec_kzn_kzn252___newcastle_ward_registration_2026_clean.csv
52502036,3,4902,Newcastle,iec_kzn_kzn252___newcastle_ward_registration_2026_clean.csv
52503001,6,2827,Emadlangeni,iec_kzn_kzn253___emadlangeni_ward_registration_2026_clean.csv
52503002,3,2799,Emadlangeni,iec_kzn_kzn253___emadlangeni_ward_registration_2026_clean.csv
52503003,4,3204,Emadlangeni,iec_kzn_kzn253___emadlangeni_ward_registration_2026_clean.csv
52503004,6,2673,Emadlangeni,iec_kzn_kzn253___emadlangeni_ward_registration_2026_clean.csv
52503005,4,3294,Emadlangeni,iec_kzn_kzn253___emadlangeni_ward_registration_2026_clean.csv
52503006,9,2897,Emadlangeni,iec_kzn_kzn253___emadlangeni_ward_registration_2026_clean.csv
52504001,8,4743,Dannhauser,iec_kzn_kzn254___dannhauser_ward_registration_2026_clean.csv
52504002,4,4891,Dannhauser,iec_kzn_kzn254___dannhauser_ward_registration_2026_clean.csv
52504003,4,4049,Dannhauser,iec_kzn_kzn254___dannhauser_ward_registration_2026_clean.csv
52504004,5,3958,Dannhauser,iec_kzn_kzn254___dannhauser_ward_registration_2026_clean.csv
52504005,5,5589,Dannhauser,iec_kzn_kzn254___dannhauser_ward_registration_2026_clean.csv
52504006,3,3852,Dannhauser,iec_kzn_kzn254___dannhauser_ward_registration_2026_clean.csv
52504007,5,4788,Dannhauser,iec_kzn_kzn254___dannhauser_ward_registration_2026_clean.csv
52504008,6,4624,Dannhauser,iec_kzn_kzn254___dannhauser_ward_registration_2026_clean.csv
52504009,5,5671,Dannhauser,iec_kzn_kzn254___dannhauser_ward_registration_2026_clean.csv
52504010,5,3694,Dannhauser,iec_kzn_kzn254___dannhauser_ward_registration_2026_clean.csv
52504011,3,3379,Dannhauser,iec_kzn_kzn254___dannhauser_ward_registration_2026_clean.csv
52504012,4,3817,Dannhauser,iec_kzn_kzn254___dannhauser_ward_registration_2026_clean.csv
52504013,6,4130,Dannhauser,iec_kzn_kzn254___dannhauser_ward_registration_2026_clean.csv
52601001,8,3692,Edumbe,iec_kzn_kzn261___edumbe_ward_registration_2026_clean.csv
52601002,3,4579,Edumbe,iec_kzn_kzn261___edumbe_ward_registration_2026_clean.csv
52601003,3,5294,Edumbe,iec_kzn_kzn261___edumbe_ward_registration_2026_clean.csv
52601004,6,5077,Edumbe,iec_kzn_kzn261___edumbe_ward_registration_2026_clean.csv
52601005,8,4555,Edumbe,iec_kzn_kzn261___edumbe_ward_registration_2026_clean.csv
52601006,13,4853,Edumbe,iec_kzn_kzn261___edumbe_ward_registration_2026_clean.csv
52601007,10,3850,Edumbe,iec_kzn_kzn261___edumbe_ward_registration_2026_clean.csv
52601008,4,3894,Edumbe,iec_kzn_kzn261___edumbe_ward_registration_2026_clean.csv
52601009,10,3920,Edumbe,iec_kzn_kzn261___edumbe_ward_registration_2026_clean.csv
52601010,3,4894,Edumbe,iec_kzn_kzn261___edumbe_ward_registration_2026_clean.csv
52602001,10,4248,Uphongolo,iec_kzn_kzn262___uphongolo_ward_registration_2026_clean.csv
52602002,3,5555,Uphongolo,iec_kzn_kzn262___uphongolo_ward_registration_2026_clean.csv
52602003,7,4944,Uphongolo,iec_kzn_kzn262___uphongolo_ward_registration_2026_clean.csv
52602004,4,4591,Uphongolo,iec_kzn_kzn262___uphongolo_ward_registration_2026_clean.csv
52602005,3,4306,Uphongolo,iec_kzn_kzn262___uphongolo_ward_registration_2026_clean.csv
52602006,7,4967,Uphongolo,iec_kzn_kzn262___uphongolo_ward_registration_2026_clean.csv
52602007,6,6003,Uphongolo,iec_kzn_kzn262___uphongolo_ward_registration_2026_clean.csv
52602008,7,5053,Uphongolo,iec_kzn_kzn262___uphongolo_ward_registration_2026_clean.csv
52602009,5,5740,Uphongolo,iec_kzn_kzn262___uphongolo_ward_registration_2026_clean.csv
52602010,4,5240,Uphongolo,iec_kzn_kzn262___uphongolo_ward_registration_2026_clean.csv
52602011,5,5661,Uphongolo,iec_kzn_kzn262___uphongolo_ward_registration_2026_clean.csv
52602012,4,4519,Uphongolo,iec_kzn_kzn262___uphongolo_ward_registration_2026_clean.csv
52602013,4,4420,Uphongolo,iec_kzn_kzn262___uphongolo_ward_registration_2026_clean.csv
52602014,8,4198,Uphongolo,iec_kzn_kzn262___uphongolo_ward_registration_2026_clean.csv
52602015,5,3912,Uphongolo,iec_kzn_kzn262___uphongolo_ward_registration_2026_clean.csv
52603001,7,4527,Abaqulusi,iec_kzn_kzn263___abaqulusi_ward_registration_2026_clean.csv
52603002,9,3824,Abaqulusi,iec_kzn_kzn263___abaqulusi_ward_registration_2026_clean.csv
52603003,7,5132,Abaqulusi,iec_kzn_kzn263___abaqulusi_ward_registration_2026_clean.csv
52603004,6,4928,Abaqulusi,iec_kzn_kzn263___abaqulusi_ward_registration_2026_clean.csv
52603005,5,4696,Abaqulusi,iec_kzn_kzn263___abaqulusi_ward_registration_2026_clean.csv
52603006,7,5960,Abaqulusi,iec_kzn_kzn263___abaqulusi_ward_registration_2026_clean.csv
52603007,5,4719,Abaqulusi,iec_kzn_kzn263___abaqulusi_ward_registration_2026_clean.csv
52603008,3,5309,Abaqulusi,iec_kzn_kzn263___abaqulusi_ward_registration_2026_clean.csv
52603009,3,4064,Abaqulusi,iec_kzn_kzn263___abaqulusi_ward_registration_2026_clean.csv
52603010,3,4888,Abaqulusi,iec_kzn_kzn263___abaqulusi_ward_registration_2026_clean.csv
52603011,3,3644,Abaqulusi,iec_kzn_kzn263___abaqulusi_ward_registration_2026_clean.csv
52603012,9,5273,Abaqulusi,iec_kzn_kzn263___abaqulusi_ward_registration_2026_clean.csv
52603013,5,4395,Abaqulusi,iec_kzn_kzn263___abaqulusi_ward_registration_2026_clean.csv
52603014,5,4969,Abaqulusi,iec_kzn_kzn263___abaqulusi_ward_registration_2026_clean.csv
52603015,5,4049,Abaqulusi,iec_kzn_kzn263___abaqulusi_ward_registration_2026_clean.csv
52603016,3,4400,Abaqulusi,iec_kzn_kzn263___abaqulusi_ward_registration_2026_clean.csv
52603017,4,5596,Abaqulusi,iec_kzn_kzn263___abaqulusi_ward_registration_2026_clean.csv
52603018,3,4400,Abaqulusi,iec_kzn_kzn263___abaqulusi_ward_registration_2026_clean.csv
52603019,3,4188,Abaqulusi,iec_kzn_kzn263___abaqulusi_ward_registration_2026_clean.csv
52603020,3,4714,Abaqulusi,iec_kzn_kzn263___abaqulusi_ward_registration_2026_clean.csv
52603021,6,4967,Abaqulusi,iec_kzn_kzn263___abaqulusi_ward_registration_2026_clean.csv
52603022,4,5042,Abaqulusi,iec_kzn_kzn263___abaqulusi_ward_registration_2026_clean.csv
52603023,4,5818,Abaqulusi,iec_kzn_kzn263___abaqulusi_ward_registration_2026_clean.csv
52603024,7,3108,Abaqulusi,iec_kzn_kzn263___abaqulusi_ward_registration_2026_clean.csv
52605001,5,4769,Nongoma,iec_kzn_kzn265___nongoma_ward_registration_2026_clean.csv
52605002,8,5015,Nongoma,iec_kzn_kzn265___nongoma_ward_registration_2026_clean.csv
52605003,6,4817,Nongoma,iec_kzn_kzn265___nongoma_ward_registration_2026_clean.csv
52605004,5,4376,Nongoma,iec_kzn_kzn265___nongoma_ward_registration_2026_clean.csv
52605005,5,4637,Nongoma,iec_kzn_kzn265___nongoma_ward_registration_2026_clean.csv
52605006,5,5530,Nongoma,iec_kzn_kzn265___nongoma_ward_registration_2026_clean.csv
52605007,9,4799,Nongoma,iec_kzn_kzn265___nongoma_ward_registration_2026_clean.csv
52605008,4,4816,Nongoma,iec_kzn_kzn265___nongoma_ward_registration_2026_clean.csv
52605009,3,4632,Nongoma,iec_kzn_kzn265___nongoma_ward_registration_2026_clean.csv
52605010,7,4711,Nongoma,iec_kzn_kzn265___nongoma_ward_registration_2026_clean.csv
52605011,6,4668,Nongoma,iec_kzn_kzn265___nongoma_ward_registration_2026_clean.csv
52605012,6,4744,Nongoma,iec_kzn_kzn265___nongoma_ward_registration_2026_clean.csv
52605013,7,4661,Nongoma,iec_kzn_kzn265___nongoma_ward_registration_2026_clean.csv
52605014,7,5495,Nongoma,iec_kzn_kzn265___nongoma_ward_registration_2026_clean.csv
52605015,5,4992,Nongoma,iec_kzn_kzn265___nongoma_ward_registration_2026_clean.csv
52605016,4,4247,Nongoma,iec_kzn_kzn265___nongoma_ward_registration_2026_clean.csv
52605017,5,5103,Nongoma,iec_kzn_kzn265___nongoma_ward_registration_2026_clean.csv
52605018,4,4207,Nongoma,iec_kzn_kzn265___nongoma_ward_registration_2026_clean.csv
52605019,5,4269,Nongoma,iec_kzn_kzn265___nongoma_ward_registration_2026_clean.csv
52605020,5,4504,Nongoma,iec_kzn_kzn265___nongoma_ward_registration_2026_clean.csv
52605021,5,5387,Nongoma,iec_kzn_kzn265___nongoma_ward_registration_2026_clean.csv
52605022,5,4486,Nongoma,iec_kzn_kzn265___nongoma_ward_registration_2026_clean.csv
52605023,4,5365,Nongoma,iec_kzn_kzn265___nongoma_ward_registration_2026_clean.csv
52606001,7,4018,Ulundi,iec_kzn_kzn266___ulundi_ward_registration_2026_clean.csv
52606002,7,4718,Ulundi,iec_kzn_kzn266___ulundi_ward_registration_2026_clean.csv
52606003,5,3891,Ulundi,iec_kzn_kzn266___ulundi_ward_registration_2026_clean.csv
52606004,7,4621,Ulundi,iec_kzn_kzn266___ulundi_ward_registration_2026_clean.csv
52606005,8,4485,Ulundi,iec_kzn_kzn266___ulundi_ward_registration_2026_clean.csv
52606006,6,4188,Ulundi,iec_kzn_kzn266___ulundi_ward_registration_2026_clean.csv
52606007,6,3628,Ulundi,iec_kzn_kzn266___ulundi_ward_registration_2026_clean.csv
52606008,6,4517,Ulundi,iec_kzn_kzn266___ulundi_ward_registration_2026_clean.csv
52606009,6,4605,Ulundi,iec_kzn_kzn266___ulundi_ward_registration_2026_clean.csv
52606010,8,3573,Ulundi,iec_kzn_kzn266___ulundi_ward_registration_2026_clean.csv
52606011,5,3829,Ulundi,iec_kzn_kzn266___ulundi_ward_registration_2026_clean.csv
52606012,4,4472,Ulundi,iec_kzn_kzn266___ulundi_ward_registration_2026_clean.csv
52606013,7,4038,Ulundi,iec_kzn_kzn266___ulundi_ward_registration_2026_clean.csv
52606014,7,4025,Ulundi,iec_kzn_kzn266___ulundi_ward_registration_2026_clean.csv
52606015,6,3656,Ulundi,iec_kzn_kzn266___ulundi_ward_registration_2026_clean.csv
52606016,6,4017,Ulundi,iec_kzn_kzn266___ulundi_ward_registration_2026_clean.csv
52606017,7,4577,Ulundi,iec_kzn_kzn266___ulundi_ward_registration_2026_clean.csv
52606018,5,4206,Ulundi,iec_kzn_kzn266___ulundi_ward_registration_2026_clean.csv
52606019,7,4340,Ulundi,iec_kzn_kzn266___ulundi_ward_registration_2026_clean.csv
52606020,6,3919,Ulundi,iec_kzn_kzn266___ulundi_ward_registration_2026_clean.csv
52606021,6,4506,Ulundi,iec_kzn_kzn266___ulundi_ward_registration_2026_clean.csv
52606022,2,4248,Ulundi,iec_kzn_kzn266___ulundi_ward_registration_2026_clean.csv
52606023,5,4125,Ulundi,iec_kzn_kzn266___ulundi_ward_registration_2026_clean.csv
52606024,7,3672,Ulundi,iec_kzn_kzn266___ulundi_ward_registration_2026_clean.csv
52606025,5,3800,Ulundi,iec_kzn_kzn266___ulundi_ward_registration_2026_clean.csv
52701001,5,5747,Umhlabuyalingana,iec_kzn_kzn271___umhlabuyalingana_ward_registration_2026_clean.csv
52701002,5,5801,Umhlabuyalingana,iec_kzn_kzn271___umhlabuyalingana_ward_registration_2026_clean.csv
52701003,5,6809,Umhlabuyalingana,iec_kzn_kzn271___umhlabuyalingana_ward_registration_2026_clean.csv
52701004,4,5716,Umhlabuyalingana,iec_kzn_kzn271___umhlabuyalingana_ward_registration_2026_clean.csv
52701005,5,4634,Umhlabuyalingana,iec_kzn_kzn271___umhlabuyalingana_ward_registration_2026_clean.csv
52701006,2,5101,Umhlabuyalingana,iec_kzn_kzn271___umhlabuyalingana_ward_registration_2026_clean.csv
52701007,5,4795,Umhlabuyalingana,iec_kzn_kzn271___umhlabuyalingana_ward_registration_2026_clean.csv
52701008,7,4203,Umhlabuyalingana,iec_kzn_kzn271___umhlabuyalingana_ward_registration_2026_clean.csv
52701009,3,4846,Umhlabuyalingana,iec_kzn_kzn271___umhlabuyalingana_ward_registration_2026_clean.csv
52701010,6,4900,Umhlabuyalingana,iec_kzn_kzn271___umhlabuyalingana_ward_registration_2026_clean.csv
52701011,4,6411,Umhlabuyalingana,iec_kzn_kzn271___umhlabuyalingana_ward_registration_2026_clean.csv
52701012,6,5887,Umhlabuyalingana,iec_kzn_kzn271___umhlabuyalingana_ward_registration_2026_clean.csv
52701013,3,5318,Umhlabuyalingana,iec_kzn_kzn271___umhlabuyalingana_ward_registration_2026_clean.csv
52701014,7,5164,Umhlabuyalingana,iec_kzn_kzn271___umhlabuyalingana_ward_registration_2026_clean.csv
52701015,6,5383,Umhlabuyalingana,iec_kzn_kzn271___umhlabuyalingana_ward_registration_2026_clean.csv
52701016,3,3631,Umhlabuyalingana,iec_kzn_kzn271___umhlabuyalingana_ward_registration_2026_clean.csv
52701017,3,3383,Umhlabuyalingana,iec_kzn_kzn271___umhlabuyalingana_ward_registration_2026_clean.csv
52701018,7,5005,Umhlabuyalingana,iec_kzn_kzn271___umhlabuyalingana_ward_registration_2026_clean.csv
52701019,8,6095,Umhlabuyalingana,iec_kzn_kzn271___umhlabuyalingana_ward_registration_2026_clean.csv
52701020,2,4688,Umhlabuyalingana,iec_kzn_kzn271___umhlabuyalingana_ward_registration_2026_clean.csv
52702001,6,4343,Jozini,iec_kzn_kzn272___jozini_ward_registration_2026_clean.csv
52702002,5,3589,Jozini,iec_kzn_kzn272___jozini_ward_registration_2026_clean.csv
52702003,6,5727,Jozini,iec_kzn_kzn272___jozini_ward_registration_2026_clean.csv
52702004,6,5340,Jozini,iec_kzn_kzn272___jozini_ward_registration_2026_clean.csv
52702005,5,4121,Jozini,iec_kzn_kzn272___jozini_ward_registration_2026_clean.csv
52702006,4,5265,Jozini,iec_kzn_kzn272___jozini_ward_registration_2026_clean.csv
52702007,4,4416,Jozini,iec_kzn_kzn272___jozini_ward_registration_2026_clean.csv
52702008,3,6791,Jozini,iec_kzn_kzn272___jozini_ward_registration_2026_clean.csv
52702009,7,5341,Jozini,iec_kzn_kzn272___jozini_ward_registration_2026_clean.csv
52702010,5,4872,Jozini,iec_kzn_kzn272___jozini_ward_registration_2026_clean.csv
52702011,4,4777,Jozini,iec_kzn_kzn272___jozini_ward_registration_2026_clean.csv
52702012,4,5236,Jozini,iec_kzn_kzn272___jozini_ward_registration_2026_clean.csv
52702013,3,4435,Jozini,iec_kzn_kzn272___jozini_ward_registration_2026_clean.csv
52702014,6,4789,Jozini,iec_kzn_kzn272___jozini_ward_registration_2026_clean.csv
52702015,4,5300,Jozini,iec_kzn_kzn272___jozini_ward_registration_2026_clean.csv
52702016,3,4557,Jozini,iec_kzn_kzn272___jozini_ward_registration_2026_clean.csv
52702017,8,5024,Jozini,iec_kzn_kzn272___jozini_ward_registration_2026_clean.csv
52702018,6,4985,Jozini,iec_kzn_kzn272___jozini_ward_registration_2026_clean.csv
52702019,5,5002,Jozini,iec_kzn_kzn272___jozini_ward_registration_2026_clean.csv
52702020,5,4383,Jozini,iec_kzn_kzn272___jozini_ward_registration_2026_clean.csv
52702021,6,5237,Jozini,iec_kzn_kzn272___jozini_ward_registration_2026_clean.csv
52702022,6,4074,Jozini,iec_kzn_kzn272___jozini_ward_registration_2026_clean.csv
52702023,4,3704,Jozini,iec_kzn_kzn272___jozini_ward_registration_2026_clean.csv
52702024,4,4999,Jozini,iec_kzn_kzn272___jozini_ward_registration_2026_clean.csv
52702025,3,4915,Jozini,iec_kzn_kzn272___jozini_ward_registration_2026_clean.csv
52705001,5,4600,Inkosi Umtubatuba,iec_kzn_kzn275___inkosi_umtubatuba_ward_registration_2026_clean.csv
52705002,5,5877,Inkosi Umtubatuba,iec_kzn_kzn275___inkosi_umtubatuba_ward_registration_2026_clean.csv
52705003,3,5595,Inkosi Umtubatuba,iec_kzn_kzn275___inkosi_umtubatuba_ward_registration_2026_clean.csv
52705004,3,3865,Inkosi Umtubatuba,iec_kzn_kzn275___inkosi_umtubatuba_ward_registration_2026_clean.csv
52705005,4,5759,Inkosi Umtubatuba,iec_kzn_kzn275___inkosi_umtubatuba_ward_registration_2026_clean.csv
52705006,2,4253,Inkosi Umtubatuba,iec_kzn_kzn275___inkosi_umtubatuba_ward_registration_2026_clean.csv
52705007,3,4597,Inkosi Umtubatuba,iec_kzn_kzn275___inkosi_umtubatuba_ward_registration_2026_clean.csv
52705008,4,5001,Inkosi Umtubatuba,iec_kzn_kzn275___inkosi_umtubatuba_ward_registration_2026_clean.csv
52705009,3,3906,Inkosi Umtubatuba,iec_kzn_kzn275___inkosi_umtubatuba_ward_registration_2026_clean.csv
52705010,6,5050,Inkosi Umtubatuba,iec_kzn_kzn275___inkosi_umtubatuba_ward_registration_2026_clean.csv
52705011,3,4805,Inkosi Umtubatuba,iec_kzn_kzn275___inkosi_umtubatuba_ward_registration_2026_clean.csv
52705012,3,4410,Inkosi Umtubatuba,iec_kzn_kzn275___inkosi_umtubatuba_ward_registration_2026_clean.csv
52705013,3,5315,Inkosi Umtubatuba,iec_kzn_kzn275___inkosi_umtubatuba_ward_registration_2026_clean.csv
52705014,7,5359,Inkosi Umtubatuba,iec_kzn_kzn275___inkosi_umtubatuba_ward_registration_2026_clean.csv
52705015,6,5294,Inkosi Umtubatuba,iec_kzn_kzn275___inkosi_umtubatuba_ward_registration_2026_clean.csv
52705016,6,5583,Inkosi Umtubatuba,iec_kzn_kzn275___inkosi_umtubatuba_ward_registration_2026_clean.csv
52705017,3,4615,Inkosi Umtubatuba,iec_kzn_kzn275___inkosi_umtubatuba_ward_registration_2026_clean.csv
52705018,3,4579,Inkosi Umtubatuba,iec_kzn_kzn275___inkosi_umtubatuba_ward_registration_2026_clean.csv
52705019,4,5139,Inkosi Umtubatuba,iec_kzn_kzn275___inkosi_umtubatuba_ward_registration_2026_clean.csv
52705020,7,5962,Inkosi Umtubatuba,iec_kzn_kzn275___inkosi_umtubatuba_ward_registration_2026_clean.csv
52705021,4,3968,Inkosi Umtubatuba,iec_kzn_kzn275___inkosi_umtubatuba_ward_registration_2026_clean.csv
52705022,3,5085,Inkosi Umtubatuba,iec_kzn_kzn275___inkosi_umtubatuba_ward_registration_2026_clean.csv
52705023,3,3840,Inkosi Umtubatuba,iec_kzn_kzn275___inkosi_umtubatuba_ward_registration_2026_clean.csv
52706001,5,4655,Big Five Hlabisa,iec_kzn_kzn276___big_five_hlabisa_ward_registration_2026_clean.csv
52706002,5,5242,Big Five Hlabisa,iec_kzn_kzn276___big_five_hlabisa_ward_registration_2026_clean.csv
52706003,4,5782,Big Five Hlabisa,iec_kzn_kzn276___big_five_hlabisa_ward_registration_2026_clean.csv
52706004,5,4652,Big Five Hlabisa,iec_kzn_kzn276___big_five_hlabisa_ward_registration_2026_clean.csv
52706005,6,4297,Big Five Hlabisa,iec_kzn_kzn276___big_five_hlabisa_ward_registration_2026_clean.csv
52706006,6,4062,Big Five Hlabisa,iec_kzn_kzn276___big_five_hlabisa_ward_registration_2026_clean.csv
52706007,5,4150,Big Five Hlabisa,iec_kzn_kzn276___big_five_hlabisa_ward_registration_2026_clean.csv
52706008,6,3688,Big Five Hlabisa,iec_kzn_kzn276___big_five_hlabisa_ward_registration_2026_clean.csv
52706009,7,4622,Big Five Hlabisa,iec_kzn_kzn276___big_five_hlabisa_ward_registration_2026_clean.csv
52706010,7,3952,Big Five Hlabisa,iec_kzn_kzn276___big_five_hlabisa_ward_registration_2026_clean.csv
52706011,6,4380,Big Five Hlabisa,iec_kzn_kzn276___big_five_hlabisa_ward_registration_2026_clean.csv
52706012,4,4468,Big Five Hlabisa,iec_kzn_kzn276___big_five_hlabisa_ward_registration_2026_clean.csv
52706013,7,4380,Big Five Hlabisa,iec_kzn_kzn276___big_five_hlabisa_ward_registration_2026_clean.csv
52706014,8,5025,Big Five Hlabisa,iec_kzn_kzn276___big_five_hlabisa_ward_registration_2026_clean.csv
52801001,3,3200,Umfolozi,iec_kzn_kzn281___umfolozi_ward_registration_2026_clean.csv
52801002,3,3516,Umfolozi,iec_kzn_kzn281___umfolozi_ward_registration_2026_clean.csv
52801003,5,5327,Umfolozi,iec_kzn_kzn281___umfolozi_ward_registration_2026_clean.csv
52801004,5,5262,Umfolozi,iec_kzn_kzn281___umfolozi_ward_registration_2026_clean.csv
52801005,4,5146,Umfolozi,iec_kzn_kzn281___umfolozi_ward_registration_2026_clean.csv
52801006,2,6070,Umfolozi,iec_kzn_kzn281___umfolozi_ward_registration_2026_clean.csv
52801007,4,4678,Umfolozi,iec_kzn_kzn281___umfolozi_ward_registration_2026_clean.csv
52801008,2,3968,Umfolozi,iec_kzn_kzn281___umfolozi_ward_registration_2026_clean.csv
52801009,6,5756,Umfolozi,iec_kzn_kzn281___umfolozi_ward_registration_2026_clean.csv
52801010,6,3825,Umfolozi,iec_kzn_kzn281___umfolozi_ward_registration_2026_clean.csv
52801011,5,5201,Umfolozi,iec_kzn_kzn281___umfolozi_ward_registration_2026_clean.csv
52801012,5,5101,Umfolozi,iec_kzn_kzn281___umfolozi_ward_registration_2026_clean.csv
52801013,7,3902,Umfolozi,iec_kzn_kzn281___umfolozi_ward_registration_2026_clean.csv
52801014,3,3217,Umfolozi,iec_kzn_kzn281___umfolozi_ward_registration_2026_clean.csv
52801015,4,3922,Umfolozi,iec_kzn_kzn281___umfolozi_ward_registration_2026_clean.csv
52801016,2,4046,Umfolozi,iec_kzn_kzn281___umfolozi_ward_registration_2026_clean.csv
52801017,5,3772,Umfolozi,iec_kzn_kzn281___umfolozi_ward_registration_2026_clean.csv
52801018,6,5170,Umfolozi,iec_kzn_kzn281___umfolozi_ward_registration_2026_clean.csv
52802001,3,6346,Umhlathuze,iec_kzn_kzn282___umhlathuze_ward_registration_2026_clean.csv
52802002,4,3851,Umhlathuze,iec_kzn_kzn282___umhlathuze_ward_registration_2026_clean.csv
52802003,3,7014,Umhlathuze,iec_kzn_kzn282___umhlathuze_ward_registration_2026_clean.csv
52802004,4,5567,Umhlathuze,iec_kzn_kzn282___umhlathuze_ward_registration_2026_clean.csv
52802005,6,5902,Umhlathuze,iec_kzn_kzn282___umhlathuze_ward_registration_2026_clean.csv
52802006,4,5500,Umhlathuze,iec_kzn_kzn282___umhlathuze_ward_registration_2026_clean.csv
52802007,3,5590,Umhlathuze,iec_kzn_kzn282___umhlathuze_ward_registration_2026_clean.csv
52802008,3,5398,Umhlathuze,iec_kzn_kzn282___umhlathuze_ward_registration_2026_clean.csv
52802009,3,6443,Umhlathuze,iec_kzn_kzn282___umhlathuze_ward_registration_2026_clean.csv
52802010,5,5873,Umhlathuze,iec_kzn_kzn282___umhlathuze_ward_registration_2026_clean.csv
52802011,6,5298,Umhlathuze,iec_kzn_kzn282___umhlathuze_ward_registration_2026_clean.csv
52802012,6,8180,Umhlathuze,iec_kzn_kzn282___umhlathuze_ward_registration_2026_clean.csv
52802013,3,4682,Umhlathuze,iec_kzn_kzn282___umhlathuze_ward_registration_2026_clean.csv
52802014,5,4091,Umhlathuze,iec_kzn_kzn282___umhlathuze_ward_registration_2026_clean.csv
52802015,4,5954,Umhlathuze,iec_kzn_kzn282___umhlathuze_ward_registration_2026_clean.csv
52802016,3,5269,Umhlathuze,iec_kzn_kzn282___umhlathuze_ward_registration_2026_clean.csv
52802017,4,6624,Umhlathuze,iec_kzn_kzn282___umhlathuze_ward_registration_2026_clean.csv
52802018,4,6587,Umhlathuze,iec_kzn_kzn282___umhlathuze_ward_registration_2026_clean.csv
52802019,3,6360,Umhlathuze,iec_kzn_kzn282___umhlathuze_ward_registration_2026_clean.csv
52802020,4,6573,Umhlathuze,iec_kzn_kzn282___umhlathuze_ward_registration_2026_clean.csv
52802021,4,5532,Umhlathuze,iec_kzn_kzn282___umhlathuze_ward_registration_2026_clean.csv
52802022,3,6799,Umhlathuze,iec_kzn_kzn282___umhlathuze_ward_registration_2026_clean.csv
52802023,4,5780,Umhlathuze,iec_kzn_kzn282___umhlathuze_ward_registration_2026_clean.csv
52802024,6,7687,Umhlathuze,iec_kzn_kzn282___umhlathuze_ward_registration_2026_clean.csv
52802025,5,6792,Umhlathuze,iec_kzn_kzn282___umhlathuze_ward_registration_2026_clean.csv
52802026,3,6381,Umhlathuze,iec_kzn_kzn282___umhlathuze_ward_registration_2026_clean.csv
52802027,4,6519,Umhlathuze,iec_kzn_kzn282___umhlathuze_ward_registration_2026_clean.csv
52802028,4,6817,Umhlathuze,iec_kzn_kzn282___umhlathuze_ward_registration_2026_clean.csv
52802029,5,7291,Umhlathuze,iec_kzn_kzn282___umhlathuze_ward_registration_2026_clean.csv
52802030,3,5662,Umhlathuze,iec_kzn_kzn282___umhlathuze_ward_registration_2026_clean.csv
52802031,4,5382,Umhlathuze,iec_kzn_kzn282___umhlathuze_ward_registration_2026_clean.csv
52802032,8,6492,Umhlathuze,iec_kzn_kzn282___umhlathuze_ward_registration_2026_clean.csv
52802033,4,5930,Umhlathuze,iec_kzn_kzn282___umhlathuze_ward_registration_2026_clean.csv
52802034,3,5308,Umhlathuze,iec_kzn_kzn282___umhlathuze_ward_registration_2026_clean.csv
52802035,3,6672,Umhlathuze,iec_kzn_kzn282___umhlathuze_ward_registration_2026_clean.csv
52802036,2,5934,Umhlathuze,iec_kzn_kzn282___umhlathuze_ward_registration_2026_clean.csv
52804001,5,2938,Umlalazi,iec_kzn_kzn284___umlalazi_ward_registration_2026_clean.csv
52804002,7,4651,Umlalazi,iec_kzn_kzn284___umlalazi_ward_registration_2026_clean.csv
52804003,9,4429,Umlalazi,iec_kzn_kzn284___umlalazi_ward_registration_2026_clean.csv
52804004,6,4732,Umlalazi,iec_kzn_kzn284___umlalazi_ward_registration_2026_clean.csv
52804005,7,3638,Umlalazi,iec_kzn_kzn284___umlalazi_ward_registration_2026_clean.csv
52804006,8,4489,Umlalazi,iec_kzn_kzn284___umlalazi_ward_registration_2026_clean.csv
52804007,5,3575,Umlalazi,iec_kzn_kzn284___umlalazi_ward_registration_2026_clean.csv
52804008,7,5656,Umlalazi,iec_kzn_kzn284___umlalazi_ward_registration_2026_clean.csv
52804009,6,4697,Umlalazi,iec_kzn_kzn284___umlalazi_ward_registration_2026_clean.csv
52804010,5,5225,Umlalazi,iec_kzn_kzn284___umlalazi_ward_registration_2026_clean.csv
52804011,4,3649,Umlalazi,iec_kzn_kzn284___umlalazi_ward_registration_2026_clean.csv
52804012,4,4533,Umlalazi,iec_kzn_kzn284___umlalazi_ward_registration_2026_clean.csv
52804013,5,3403,Umlalazi,iec_kzn_kzn284___umlalazi_ward_registration_2026_clean.csv
52804014,5,3702,Umlalazi,iec_kzn_kzn284___umlalazi_ward_registration_2026_clean.csv
52804015,6,5288,Umlalazi,iec_kzn_kzn284___umlalazi_ward_registration_2026_clean.csv
52804016,4,3367,Umlalazi,iec_kzn_kzn284___umlalazi_ward_registration_2026_clean.csv
52804017,7,5705,Umlalazi,iec_kzn_kzn284___umlalazi_ward_registration_2026_clean.csv
52804018,4,3576,Umlalazi,iec_kzn_kzn284___umlalazi_ward_registration_2026_clean.csv
52804019,5,5117,Umlalazi,iec_kzn_kzn284___umlalazi_ward_registration_2026_clean.csv
52804020,4,3618,Umlalazi,iec_kzn_kzn284___umlalazi_ward_registration_2026_clean.csv
52804021,7,4395,Umlalazi,iec_kzn_kzn284___umlalazi_ward_registration_2026_clean.csv
52804022,6,4210,Umlalazi,iec_kzn_kzn284___umlalazi_ward_registration_2026_clean.csv
52804023,6,3694,Umlalazi,iec_kzn_kzn284___umlalazi_ward_registration_2026_clean.csv
52804024,4,4122,Umlalazi,iec_kzn_kzn284___umlalazi_ward_registration_2026_clean.csv
52804025,6,4156,Umlalazi,iec_kzn_kzn284___umlalazi_ward_registration_2026_clean.csv
52804026,6,5159,Umlalazi,iec_kzn_kzn284___umlalazi_ward_registration_2026_clean.csv
52804027,4,2696,Umlalazi,iec_kzn_kzn284___umlalazi_ward_registration_2026_clean.csv
52804028,3,3953,Umlalazi,iec_kzn_kzn284___umlalazi_ward_registration_2026_clean.csv
52805001,8,3885,Mthonjaneni,iec_kzn_kzn285___mthonjaneni_ward_registration_2026_clean.csv
52805002,5,4644,Mthonjaneni,iec_kzn_kzn285___mthonjaneni_ward_registration_2026_clean.csv
52805003,4,2931,Mthonjaneni,iec_kzn_kzn285___mthonjaneni_ward_registration_2026_clean.csv
52805004,8,3840,Mthonjaneni,iec_kzn_kzn285___mthonjaneni_ward_registration_2026_clean.csv
52805005,6,3314,Mthonjaneni,iec_kzn_kzn285___mthonjaneni_ward_registration_2026_clean.csv
52805006,7,3886,Mthonjaneni,iec_kzn_kzn285___mthonjaneni_ward_registration_2026_clean.csv
52805007,6,3655,Mthonjaneni,iec_kzn_kzn285___mthonjaneni_ward_registration_2026_clean.csv
52805008,6,4047,Mthonjaneni,iec_kzn_kzn285___mthonjaneni_ward_registration_2026_clean.csv
52805009,6,3729,Mthonjaneni,iec_kzn_kzn285___mthonjaneni_ward_registration_2026_clean.csv
52805010,9,4401,Mthonjaneni,iec_kzn_kzn285___mthonjaneni_ward_registration_2026_clean.csv
52805011,5,3296,Mthonjaneni,iec_kzn_kzn285___mthonjaneni_ward_registration_2026_clean.csv
52805012,8,4187,Mthonjaneni,iec_kzn_kzn285___mthonjaneni_ward_registration_2026_clean.csv
52805013,5,4139,Mthonjaneni,iec_kzn_kzn285___mthonjaneni_ward_registration_2026_clean.csv
52806001,9,5441,Nkandla,iec_kzn_kzn286___nkandla_ward_registration_2026_clean.csv
52806002,5,4211,Nkandla,iec_kzn_kzn286___nkandla_ward_registration_2026_clean.csv
52806003,6,4382,Nkandla,iec_kzn_kzn286___nkandla_ward_registration_2026_clean.csv
52806004,4,3952,Nkandla,iec_kzn_kzn286___nkandla_ward_registration_2026_clean.csv
52806005,7,6986,Nkandla,iec_kzn_kzn286___nkandla_ward_registration_2026_clean.csv
52806006,5,4420,Nkandla,iec_kzn_kzn286___nkandla_ward_registration_2026_clean.csv
52806007,8,4255,Nkandla,iec_kzn_kzn286___nkandla_ward_registration_2026_clean.csv
52806008,7,3317,Nkandla,iec_kzn_kzn286___nkandla_ward_registration_2026_clean.csv
52806009,7,5246,Nkandla,iec_kzn_kzn286___nkandla_ward_registration_2026_clean.csv
52806010,7,4120,Nkandla,iec_kzn_kzn286___nkandla_ward_registration_2026_clean.csv
52806011,6,4593,Nkandla,iec_kzn_kzn286___nkandla_ward_registration_2026_clean.csv
52806012,10,5178,Nkandla,iec_kzn_kzn286___nkandla_ward_registration_2026_clean.csv
52806013,8,5469,Nkandla,iec_kzn_kzn286___nkandla_ward_registration_2026_clean.csv
52806014,7,4932,Nkandla,iec_kzn_kzn286___nkandla_ward_registration_2026_clean.csv
52901001,6,5413,Mandeni,iec_kzn_kzn291___mandeni_ward_registration_2026_clean.csv
52901002,5,5492,Mandeni,iec_kzn_kzn291___mandeni_ward_registration_2026_clean.csv
52901003,4,4457,Mandeni,iec_kzn_kzn291___mandeni_ward_registration_2026_clean.csv
52901004,3,5264,Mandeni,iec_kzn_kzn291___mandeni_ward_registration_2026_clean.csv
52901005,4,5208,Mandeni,iec_kzn_kzn291___mandeni_ward_registration_2026_clean.csv
52901006,4,3864,Mandeni,iec_kzn_kzn291___mandeni_ward_registration_2026_clean.csv
52901007,2,4794,Mandeni,iec_kzn_kzn291___mandeni_ward_registration_2026_clean.csv
52901008,5,4897,Mandeni,iec_kzn_kzn291___mandeni_ward_registration_2026_clean.csv
52901009,6,5893,Mandeni,iec_kzn_kzn291___mandeni_ward_registration_2026_clean.csv
52901010,3,5002,Mandeni,iec_kzn_kzn291___mandeni_ward_registration_2026_clean.csv
52901011,4,4688,Mandeni,iec_kzn_kzn291___mandeni_ward_registration_2026_clean.csv
52901012,3,4553,Mandeni,iec_kzn_kzn291___mandeni_ward_registration_2026_clean.csv
52901013,4,3833,Mandeni,iec_kzn_kzn291___mandeni_ward_registration_2026_clean.csv
52901014,2,4066,Mandeni,iec_kzn_kzn291___mandeni_ward_registration_2026_clean.csv
52901015,3,4676,Mandeni,iec_kzn_kzn291___mandeni_ward_registration_2026_clean.csv
52901016,6,4494,Mandeni,iec_kzn_kzn291___mandeni_ward_registration_2026_clean.csv
52901017,2,4485,Mandeni,iec_kzn_kzn291___mandeni_ward_registration_2026_clean.csv
52901018,3,3842,Mandeni,iec_kzn_kzn291___mandeni_ward_registration_2026_clean.csv
52902001,6,7015,Kwadukuza,iec_kzn_kzn292___kwadukuza_ward_registration_2026_clean.csv
52902002,3,5400,Kwadukuza,iec_kzn_kzn292___kwadukuza_ward_registration_2026_clean.csv
52902003,9,5266,Kwadukuza,iec_kzn_kzn292___kwadukuza_ward_registration_2026_clean.csv
52902004,1,6079,Kwadukuza,iec_kzn_kzn292___kwadukuza_ward_registration_2026_clean.csv
52902005,2,4985,Kwadukuza,iec_kzn_kzn292___kwadukuza_ward_registration_2026_clean.csv
52902006,2,5500,Kwadukuza,iec_kzn_kzn292___kwadukuza_ward_registration_2026_clean.csv
52902007,1,4713,Kwadukuza,iec_kzn_kzn292___kwadukuza_ward_registration_2026_clean.csv
52902008,1,5045,Kwadukuza,iec_kzn_kzn292___kwadukuza_ward_registration_2026_clean.csv
52902009,6,6328,Kwadukuza,iec_kzn_kzn292___kwadukuza_ward_registration_2026_clean.csv
52902010,3,5412,Kwadukuza,iec_kzn_kzn292___kwadukuza_ward_registration_2026_clean.csv
52902011,3,6491,Kwadukuza,iec_kzn_kzn292___kwadukuza_ward_registration_2026_clean.csv
52902012,2,4796,Kwadukuza,iec_kzn_kzn292___kwadukuza_ward_registration_2026_clean.csv
52902013,3,4010,Kwadukuza,iec_kzn_kzn292___kwadukuza_ward_registration_2026_clean.csv
52902014,3,5845,Kwadukuza,iec_kzn_kzn292___kwadukuza_ward_registration_2026_clean.csv
52902015,2,4428,Kwadukuza,iec_kzn_kzn292___kwadukuza_ward_registration_2026_clean.csv
52902016,3,5178,Kwadukuza,iec_kzn_kzn292___kwadukuza_ward_registration_2026_clean.csv
52902017,2,4657,Kwadukuza,iec_kzn_kzn292___kwadukuza_ward_registration_2026_clean.csv
52902018,2,5436,Kwadukuza,iec_kzn_kzn292___kwadukuza_ward_registration_2026_clean.csv
52902019,4,6194,Kwadukuza,iec_kzn_kzn292___kwadukuza_ward_registration_2026_clean.csv
52902020,4,5880,Kwadukuza,iec_kzn_kzn292___kwadukuza_ward_registration_2026_clean.csv
52902021,4,4601,Kwadukuza,iec_kzn_kzn292___kwadukuza_ward_registration_2026_clean.csv
52902022,2,8790,Kwadukuza,iec_kzn_kzn292___kwadukuza_ward_registration_2026_clean.csv
52902023,2,6258,Kwadukuza,iec_kzn_kzn292___kwadukuza_ward_registration_2026_clean.csv
52902024,4,8120,Kwadukuza,iec_kzn_kzn292___kwadukuza_ward_registration_2026_clean.csv
52902025,5,5588,Kwadukuza,iec_kzn_kzn292___kwadukuza_ward_registration_2026_clean.csv
52902026,3,6291,Kwadukuza,iec_kzn_kzn292___kwadukuza_ward_registration_2026_clean.csv
52902027,7,5640,Kwadukuza,iec_kzn_kzn292___kwadukuza_ward_registration_2026_clean.csv
52902028,3,3775,Kwadukuza,iec_kzn_kzn292___kwadukuza_ward_registration_2026_clean.csv
52902029,2,4892,Kwadukuza,iec_kzn_kzn292___kwadukuza_ward_registration_2026_clean.csv
52902030,2,5459,Kwadukuza,iec_kzn_kzn292___kwadukuza_ward_registration_2026_clean.csv
52903001,4,4388,Ndwedwe,iec_kzn_kzn293___ndwedwe_ward_registration_2026_clean.csv
52903002,5,3865,Ndwedwe,iec_kzn_kzn293___ndwedwe_ward_registration_2026_clean.csv
52903003,7,4764,Ndwedwe,iec_kzn_kzn293___ndwedwe_ward_registration_2026_clean.csv
52903004,5,4237,Ndwedwe,iec_kzn_kzn293___ndwedwe_ward_registration_2026_clean.csv
52903005,5,3941,Ndwedwe,iec_kzn_kzn293___ndwedwe_ward_registration_2026_clean.csv
52903006,4,4022,Ndwedwe,iec_kzn_kzn293___ndwedwe_ward_registration_2026_clean.csv
52903007,6,3844,Ndwedwe,iec_kzn_kzn293___ndwedwe_ward_registration_2026_clean.csv
52903008,5,4064,Ndwedwe,iec_kzn_kzn293___ndwedwe_ward_registration_2026_clean.csv
52903009,6,3978,Ndwedwe,iec_kzn_kzn293___ndwedwe_ward_registration_2026_clean.csv
52903010,6,3831,Ndwedwe,iec_kzn_kzn293___ndwedwe_ward_registration_2026_clean.csv
52903011,7,5180,Ndwedwe,iec_kzn_kzn293___ndwedwe_ward_registration_2026_clean.csv
52903012,5,4658,Ndwedwe,iec_kzn_kzn293___ndwedwe_ward_registration_2026_clean.csv
52903013,4,4752,Ndwedwe,iec_kzn_kzn293___ndwedwe_ward_registration_2026_clean.csv
52903014,6,5265,Ndwedwe,iec_kzn_kzn293___ndwedwe_ward_registration_2026_clean.csv
52903015,4,3901,Ndwedwe,iec_kzn_kzn293___ndwedwe_ward_registration_2026_clean.csv
52903016,8,4290,Ndwedwe,iec_kzn_kzn293___ndwedwe_ward_registration_2026_clean.csv
52903017,10,4536,Ndwedwe,iec_kzn_kzn293___ndwedwe_ward_registration_2026_clean.csv
52903018,7,4829,Ndwedwe,iec_kzn_kzn293___ndwedwe_ward_registration_2026_clean.csv
52903019,6,3601,Ndwedwe,iec_kzn_kzn293___ndwedwe_ward_registration_2026_clean.csv
52904001,6,4584,Maphumulo,iec_kzn_kzn294___maphumulo_ward_registration_2026_clean.csv
52904002,9,4180,Maphumulo,iec_kzn_kzn294___maphumulo_ward_registration_2026_clean.csv
52904003,11,3580,Maphumulo,iec_kzn_kzn294___maphumulo_ward_registration_2026_clean.csv
52904004,7,4048,Maphumulo,iec_kzn_kzn294___maphumulo_ward_registration_2026_clean.csv
52904005,7,5148,Maphumulo,iec_kzn_kzn294___maphumulo_ward_registration_2026_clean.csv
52904006,9,4194,Maphumulo,iec_kzn_kzn294___maphumulo_ward_registration_2026_clean.csv
52904007,8,4399,Maphumulo,iec_kzn_kzn294___maphumulo_ward_registration_2026_clean.csv
52904008,10,4923,Maphumulo,iec_kzn_kzn294___maphumulo_ward_registration_2026_clean.csv
52904009,9,3893,Maphumulo,iec_kzn_kzn294___maphumulo_ward_registration_2026_clean.csv
52904010,5,4819,Maphumulo,iec_kzn_kzn294___maphumulo_ward_registration_2026_clean.csv
52904011,9,3781,Maphumulo,iec_kzn_kzn294___maphumulo_ward_registration_2026_clean.csv
52904012,7,3411,Maphumulo,iec_kzn_kzn294___maphumulo_ward_registration_2026_clean.csv
52904013,6,4812,Maphumulo,iec_kzn_kzn294___maphumulo_ward_registration_2026_clean.csv
54303001,3,4526,Greater Kokstad,iec_kzn_kzn433___greater_kokstad_ward_registration_2026_clean.csv
54303002,9,4491,Greater Kokstad,iec_kzn_kzn433___greater_kokstad_ward_registration_2026_clean.csv
54303003,3,4699,Greater Kokstad,iec_kzn_kzn433___greater_kokstad_ward_registration_2026_clean.csv
54303004,2,4815,Greater Kokstad,iec_kzn_kzn433___greater_kokstad_ward_registration_2026_clean.csv
54303005,3,5094,Greater Kokstad,iec_kzn_kzn433___greater_kokstad_ward_registration_2026_clean.csv
54303006,6,2696,Greater Kokstad,iec_kzn_kzn433___greater_kokstad_ward_registration_2026_clean.csv
54303007,6,3283,Greater Kokstad,iec_kzn_kzn433___greater_kokstad_ward_registration_2026_clean.csv
54303008,2,4725,Greater Kokstad,iec_kzn_kzn433___greater_kokstad_ward_registration_2026_clean.csv
54303009,3,4864,Greater Kokstad,iec_kzn_kzn433___greater_kokstad_ward_registration_2026_clean.csv
54303010,3,4559,Greater Kokstad,iec_kzn_kzn433___greater_kokstad_ward_registration_2026_clean.csv
54303011,3,5026,Greater Kokstad,iec_kzn_kzn433___greater_kokstad_ward_registration_2026_clean.csv
54304001,6,4403,Johannes Phumani Pungula,iec_kzn_kzn434___johannes_phumani_pungula_ward_registration_2026_clean.csv
54304002,5,4387,Johannes Phumani Pungula,iec_kzn_kzn434___johannes_phumani_pungula_ward_registration_2026_clean.csv
54304003,7,5271,Johannes Phumani Pungula,iec_kzn_kzn434___johannes_phumani_pungula_ward_registration_2026_clean.csv
54304004,4,5322,Johannes Phumani Pungula,iec_kzn_kzn434___johannes_phumani_pungula_ward_registration_2026_clean.csv
54304005,11,4356,Johannes Phumani Pungula,iec_kzn_kzn434___johannes_phumani_pungula_ward_registration_2026_clean.csv
54304006,3,4126,Johannes Phumani Pungula,iec_kzn_kzn434___johannes_phumani_pungula_ward_registration_2026_clean.csv
54304007,3,4538,Johannes Phumani Pungula,iec_kzn_kzn434___johannes_phumani_pungula_ward_registration_2026_clean.csv
54304008,6,4881,Johannes Phumani Pungula,iec_kzn_kzn434___johannes_phumani_pungula_ward_registration_2026_clean.csv
54304009,7,3550,Johannes Phumani Pungula,iec_kzn_kzn434___johannes_phumani_pungula_ward_registration_2026_clean.csv
54304010,5,4523,Johannes Phumani Pungula,iec_kzn_kzn434___johannes_phumani_pungula_ward_registration_2026_clean.csv
54304011,6,4267,Johannes Phumani Pungula,iec_kzn_kzn434___johannes_phumani_pungula_ward_registration_2026_clean.csv
54304012,7,4185,Johannes Phumani Pungula,iec_kzn_kzn434___johannes_phumani_pungula_ward_registration_2026_clean.csv
54304013,7,3911,Johannes Phumani Pungula,iec_kzn_kzn434___johannes_phumani_pungula_ward_registration_2026_clean.csv
54304014,6,4463,Johannes Phumani Pungula,iec_kzn_kzn434___johannes_phumani_pungula_ward_registration_2026_clean.csv
54305001,7,4635,Umzimkhulu,iec_kzn_kzn435___umzimkhulu_ward_registration_2026_clean.csv
54305002,6,4455,Umzimkhulu,iec_kzn_kzn435___umzimkhulu_ward_registration_2026_clean.csv
54305003,9,4604,Umzimkhulu,iec_kzn_kzn435___umzimkhulu_ward_registration_2026_clean.csv
54305004,7,4549,Umzimkhulu,iec_kzn_kzn435___umzimkhulu_ward_registration_2026_clean.csv
54305005,7,3838,Umzimkhulu,iec_kzn_kzn435___umzimkhulu_ward_registration_2026_clean.csv
54305006,10,4383,Umzimkhulu,iec_kzn_kzn435___umzimkhulu_ward_registration_2026_clean.csv
54305007,5,4437,Umzimkhulu,iec_kzn_kzn435___umzimkhulu_ward_registration_2026_clean.csv
54305008,10,4755,Umzimkhulu,iec_kzn_kzn435___umzimkhulu_ward_registration_2026_clean.csv
54305009,6,4040,Umzimkhulu,iec_kzn_kzn435___umzimkhulu_ward_registration_2026_clean.csv
54305010,10,4069,Umzimkhulu,iec_kzn_kzn435___umzimkhulu_ward_registration_2026_clean.csv
54305011,5,4173,Umzimkhulu,iec_kzn_kzn435___umzimkhulu_ward_registration_2026_clean.csv
54305012,8,4444,Umzimkhulu,iec_kzn_kzn435___umzimkhulu_ward_registration_2026_clean.csv
54305013,6,4742,Umzimkhulu,iec_kzn_kzn435___umzimkhulu_ward_registration_2026_clean.csv
54305014,7,4313,Umzimkhulu,iec_kzn_kzn435___umzimkhulu_ward_registration_2026_clean.csv
54305015,8,5018,Umzimkhulu,iec_kzn_kzn435___umzimkhulu_ward_registration_2026_clean.csv
54305016,4,5555,Umzimkhulu,iec_kzn_kzn435___umzimkhulu_ward_registration_2026_clean.csv
54305017,5,5352,Umzimkhulu,iec_kzn_kzn435___umzimkhulu_ward_registration_2026_clean.csv
54305018,10,4087,Umzimkhulu,iec_kzn_kzn435___umzimkhulu_ward_registration_2026_clean.csv
54305019,6,3115,Umzimkhulu,iec_kzn_kzn435___umzimkhulu_ward_registration_2026_clean.csv
54305020,7,4784,Umzimkhulu,iec_kzn_kzn435___umzimkhulu_ward_registration_2026_clean.csv
54305021,9,4552,Umzimkhulu,iec_kzn_kzn435___umzimkhulu_ward_registration_2026_clean.csv
54305022,10,4226,Umzimkhulu,iec_kzn_kzn435___umzimkhulu_ward_registration_2026_clean.csv
54306001,8,3779,Dr. Nkosazana Dlamini Zuma,iec_kzn_kzn436___dr._nkosazana_dlamini_zuma_ward_registration_2026_clean.csv
54306002,5,3477,Dr. Nkosazana Dlamini Zuma,iec_kzn_kzn436___dr._nkosazana_dlamini_zuma_ward_registration_2026_clean.csv
54306003,4,3751,Dr. Nkosazana Dlamini Zuma,iec_kzn_kzn436___dr._nkosazana_dlamini_zuma_ward_registration_2026_clean.csv
54306004,6,4478,Dr. Nkosazana Dlamini Zuma,iec_kzn_kzn436___dr._nkosazana_dlamini_zuma_ward_registration_2026_clean.csv
54306005,7,4490,Dr. Nkosazana Dlamini Zuma,iec_kzn_kzn436___dr._nkosazana_dlamini_zuma_ward_registration_2026_clean.csv
54306006,7,4928,Dr. Nkosazana Dlamini Zuma,iec_kzn_kzn436___dr._nkosazana_dlamini_zuma_ward_registration_2026_clean.csv
54306007,4,4107,Dr. Nkosazana Dlamini Zuma,iec_kzn_kzn436___dr._nkosazana_dlamini_zuma_ward_registration_2026_clean.csv
54306008,5,4367,Dr. Nkosazana Dlamini Zuma,iec_kzn_kzn436___dr._nkosazana_dlamini_zuma_ward_registration_2026_clean.csv
54306009,5,4317,Dr. Nkosazana Dlamini Zuma,iec_kzn_kzn436___dr._nkosazana_dlamini_zuma_ward_registration_2026_clean.csv
54306010,5,4030,Dr. Nkosazana Dlamini Zuma,iec_kzn_kzn436___dr._nkosazana_dlamini_zuma_ward_registration_2026_clean.csv
54306011,7,4153,Dr. Nkosazana Dlamini Zuma,iec_kzn_kzn436___dr._nkosazana_dlamini_zuma_ward_registration_2026_clean.csv
54306012,6,4376,Dr. Nkosazana Dlamini Zuma,iec_kzn_kzn436___dr._nkosazana_dlamini_zuma_ward_registration_2026_clean.csv
54306013,4,3699,Dr. Nkosazana Dlamini Zuma,iec_kzn_kzn436___dr._nkosazana_dlamini_zuma_ward_registration_2026_clean.csv
54306014,7,3771,Dr. Nkosazana Dlamini Zuma,iec_kzn_kzn436___dr._nkosazana_dlamini_zuma_ward_registration_2026_clean.csv
54306015,8,4225,Dr. Nkosazana Dlamini Zuma,iec_kzn_kzn436___dr._nkosazana_dlamini_zuma_ward_registration_2026_clean.csv
