year,factor,response,percentage
2023,Effect of political party coalitions on interest in voting,More likely to vote,12
2023,Effect of political party coalitions on interest in voting,Less likely to vote,60
2023,Effect of political party coalitions on interest in voting,No effect/uncertain,28
2023,Effect of independent candidates on interest in voting,More likely to vote,23
2023,Effect of independent candidates on interest in voting,Less likely to vote,42
2023,Effect of independent candidates on interest in voting,No effect/uncertain,35
2023,Difficulty finding a party that represents their needs,Struggle to a great extent,47
2023,Difficulty finding a party that represents their needs,Some difficulty,14
2023,Difficulty finding a party that represents their needs,Don't struggle,39
