Municipality2021,2000,2006,2011,2016,2021
ETH - eThekwini,27.19521840613222,26.928541791661488,58.57592522916289,57.47178778542725,40.366416807586894
KZN212 - uMdoni,38.89632807880641,44.06312527799755,61.875721928581335,58.27505913791669,47.36724722329791
KZN213 - uMzumbe,49.44839821046005,49.92527757213268,59.836378035132306,55.95800375653171,50.30310688996969
KZN214 - uMuziwabantu,54.21873498684741,49.8430576642994,64.85499252335435,60.90197891200282,53.00423186019877
KZN216 - Ray Nkonyeni,39.64996831390995,41.49624222114195,63.239892264582195,59.74332826845135,46.89470490819568
KZN221 - uMshwathi,44.7537862598831,49.24432875202923,65.2158956583022,64.76764128210417,51.05915950587997
KZN222 - uMngeni,32.47824386501151,33.92787282776432,66.06845360250402,67.44290035888577,54.068133258012274
KZN223 - Mpofana,28.456517007813247,37.636867190762544,59.42297316292685,62.89169701559447,48.52459552302931
KZN224 - iMpendle,45.52059986829046,46.70669445933106,61.849756626807945,66.96444354196782,54.444106656827856
KZN225 - Msunduzi,35.371394002657965,40.30606539752954,60.70007399765111,65.06328462673848,46.40080170945123
KZN226 - Mkhambathini,48.30746245948381,49.944031954612434,63.584399874110254,62.532953753070835,39.55418954458959
KZN227 - Richmond,42.89482588806451,46.07040477726571,55.19970601130156,58.99402014163686,48.97794254741234
KZN235 - Okhahlamba,49.028606246109796,53.67461640072653,61.855544219875405,57.753000005129934,54.40015377009319
KZN237 - iNkosi Langalibalele,46.73550966402329,52.575906185474736,66.14877481761616,64.19576978513611,54.34241536488901
KZN238 - Alfred Duma,42.31632283188795,45.30171611811825,62.16211702990729,61.22835427033836,52.96910409290357
KZN241 - eNdumeni,27.389525620900574,26.11775310136073,56.942879315820655,57.55737193401903,49.529132146385386
KZN242 - Nqutu,50.11030346649567,54.10660366033999,60.254418948665894,56.751675001182406,52.82280517785835
KZN244 - uMsinga,58.07189971312788,58.90497397161172,67.10317507039869,66.47933358760187,55.39305808372488
KZN245 - uMvoti,44.100480308699574,42.79294905469777,62.48494040529421,63.09345989782599,55.0541342695274
KZN252 - Newcastle,37.37774294659011,37.876395831258144,59.158097043123256,57.853156338826395,44.55328600340209
KZN253 - eMadlangeni,40.203255733064765,40.61379696285534,61.091587427548355,63.05888098716404,52.679792467101606
KZN254 - Dannhauser,44.58149861644285,48.93691159642416,59.91961302577728,57.38793317270214,47.083946175414106
KZN261 - eDumbe,45.85630732632136,50.82655940644482,61.34878532800595,59.598916647426016,57.05639241331488
KZN262 - uPhongolo,38.19066751125279,47.46281085293667,60.740171987993044,57.67844410789564,54.130058945614415
KZN263 - AbaQulusi,40.20857555290731,44.970434701665305,59.55478864980725,55.53436758681959,46.953882988289706
KZN265 - Nongoma,50.942853167599196,58.144889653251354,64.10333981187733,57.19529411532651,51.02240249877299
KZN266 - Ulundi,51.861175361611934,56.04527023729175,64.4532419835068,58.41058369022969,49.65355886250967
KZN271 - uMhlabuyalingana,53.617833470782784,53.227214682752255,61.503963576537046,60.35719526072127,55.248890755563764
KZN272 - Jozini,50.03681619624055,55.46794711567305,62.28738513749118,63.352197803480244,58.340400701512415
KZN275 - Mtubatuba,41.89317414142294,46.74058378360537,58.96245472163431,60.44900012259986,56.23296307598414
KZN276 - Big Five Hlabisa,53.450715110830856,57.39152639673172,63.59002202157958,62.86498840050957,55.822238451726435
KZN281 - uMfolozi,34.50912590406317,44.932958484289706,67.03820824941691,63.80936506433496,52.203371606274736
KZN282 - uMhlathuze,29.38808560001934,36.416560046181736,58.50073652668464,59.00401137792282,43.22777063508817
KZN284 - uMlalazi,46.23885829331367,50.34848081808405,61.27387854444236,61.82351162695568,49.106454190580344
KZN285 - Mthonjaneni,48.307908689932674,53.21926302617377,60.69720028340753,61.923795172019375,50.90993900281467
KZN286 - Nkandla,57.38971845493603,57.68364373930841,60.238415639281975,65.03117995001654,54.87629674236255
KZN291 - Mandeni,37.1861660406724,40.83103617428671,57.85677432944206,59.73174573701837,45.00885125274201
KZN292 - KwaDukuza,24.29611454439168,19.2399801289349,62.84722355641723,65.37669961188494,52.936025431985705
KZN293 - Ndwedwe,52.154123525475036,53.80404167504838,63.37256681985033,62.69621351797873,53.51534627739843
KZN294 - Maphumulo,53.850241957277774,53.442967243602055,62.7585327513635,61.757033532183264,52.6652223806222
KZN433 - Greater Kokstad,14.66485384743692,21.73701515872268,54.893039695286326,51.51114979181425,46.55139708755951
KZN434 - uBuhlebezwe,46.385611426119034,51.54893359452435,58.919029247614326,61.491056105248965,50.533968432054486
KZN435 - uMzimkhulu,,57.61847690870034,60.9585322678658,57.943547108414855,48.205644181234895
KZN436 - Dr. Nkosazana Dlamini Zuma,46.97692225208537,52.250793561781144,61.814440984552604,63.34093076598186,53.69754795928299
