geography,indicator,category,value_percent,national_value_percent,year,source_table,source_page,notes,source,source_file
KwaZulu-Natal,main_water_source,Piped (tap) water in dwelling/house,38.1,45.2,2023,"Table 9.1 (by province, thousands of households)",127,KZN: 1254 thousand households of 3292 thousand total; computed as a share of provincial households.,"Stats SA General Household Survey 2023 (P0318), published 24 May 2024","kzn1.pdf / kzn2.pdf (GHS 2023 P0318 report, identical uploads)"
KwaZulu-Natal,main_water_source,Piped (tap) water in yard,29.5,29.8,2023,"Table 9.1 (by province, thousands of households)",127,KZN: 972 thousand households of 3292 thousand total; computed as a share of provincial households.,"Stats SA General Household Survey 2023 (P0318), published 24 May 2024","kzn1.pdf / kzn2.pdf (GHS 2023 P0318 report, identical uploads)"
KwaZulu-Natal,main_water_source,Borehole in yard,1.0,2.4,2023,"Table 9.1 (by province, thousands of households)",127,KZN: 32 thousand households of 3292 thousand total; computed as a share of provincial households.,"Stats SA General Household Survey 2023 (P0318), published 24 May 2024","kzn1.pdf / kzn2.pdf (GHS 2023 P0318 report, identical uploads)"
KwaZulu-Natal,main_water_source,Rain-water tank in yard,2.1,2.5,2023,"Table 9.1 (by province, thousands of households)",127,KZN: 68 thousand households of 3292 thousand total; computed as a share of provincial households.,"Stats SA General Household Survey 2023 (P0318), published 24 May 2024","kzn1.pdf / kzn2.pdf (GHS 2023 P0318 report, identical uploads)"
KwaZulu-Natal,main_water_source,Neighbours tap,2.6,2.3,2023,"Table 9.1 (by province, thousands of households)",127,KZN: 87 thousand households of 3292 thousand total; computed as a share of provincial households.,"Stats SA General Household Survey 2023 (P0318), published 24 May 2024","kzn1.pdf / kzn2.pdf (GHS 2023 P0318 report, identical uploads)"
KwaZulu-Natal,main_water_source,Public/communal tap,11.3,9.7,2023,"Table 9.1 (by province, thousands of households)",127,KZN: 371 thousand households of 3292 thousand total; computed as a share of provincial households.,"Stats SA General Household Survey 2023 (P0318), published 24 May 2024","kzn1.pdf / kzn2.pdf (GHS 2023 P0318 report, identical uploads)"
KwaZulu-Natal,main_water_source,Water-carrier/tanker,3.9,1.3,2023,"Table 9.1 (by province, thousands of households)",127,KZN: 129 thousand households of 3292 thousand total; computed as a share of provincial households.,"Stats SA General Household Survey 2023 (P0318), published 24 May 2024","kzn1.pdf / kzn2.pdf (GHS 2023 P0318 report, identical uploads)"
KwaZulu-Natal,main_water_source,Water vendor (charge involved),0.3,2.5,2023,"Table 9.1 (by province, thousands of households)",127,KZN: 11 thousand households of 3292 thousand total; computed as a share of provincial households.,"Stats SA General Household Survey 2023 (P0318), published 24 May 2024","kzn1.pdf / kzn2.pdf (GHS 2023 P0318 report, identical uploads)"
KwaZulu-Natal,main_water_source,Borehole outside yard,2.7,1.1,2023,"Table 9.1 (by province, thousands of households)",127,KZN: 88 thousand households of 3292 thousand total; computed as a share of provincial households.,"Stats SA General Household Survey 2023 (P0318), published 24 May 2024","kzn1.pdf / kzn2.pdf (GHS 2023 P0318 report, identical uploads)"
KwaZulu-Natal,main_water_source,Flowing water/stream/river,5.0,1.4,2023,"Table 9.1 (by province, thousands of households)",127,KZN: 165 thousand households of 3292 thousand total; computed as a share of provincial households.,"Stats SA General Household Survey 2023 (P0318), published 24 May 2024","kzn1.pdf / kzn2.pdf (GHS 2023 P0318 report, identical uploads)"
KwaZulu-Natal,main_water_source,Stagnant water/dam/pool,0.2,0.1,2023,"Table 9.1 (by province, thousands of households)",127,KZN: 5 thousand households of 3292 thousand total; computed as a share of provincial households.,"Stats SA General Household Survey 2023 (P0318), published 24 May 2024","kzn1.pdf / kzn2.pdf (GHS 2023 P0318 report, identical uploads)"
KwaZulu-Natal,main_water_source,Well protected,0.2,0.1,2023,"Table 9.1 (by province, thousands of households)",127,KZN: 8 thousand households of 3292 thousand total; computed as a share of provincial households.,"Stats SA General Household Survey 2023 (P0318), published 24 May 2024","kzn1.pdf / kzn2.pdf (GHS 2023 P0318 report, identical uploads)"
KwaZulu-Natal,main_water_source,Well unprotected,1.2,0.3,2023,"Table 9.1 (by province, thousands of households)",127,KZN: 39 thousand households of 3292 thousand total; computed as a share of provincial households.,"Stats SA General Household Survey 2023 (P0318), published 24 May 2024","kzn1.pdf / kzn2.pdf (GHS 2023 P0318 report, identical uploads)"
KwaZulu-Natal,main_water_source,Spring protected,0.3,0.1,2023,"Table 9.1 (by province, thousands of households)",127,KZN: 11 thousand households of 3292 thousand total; computed as a share of provincial households.,"Stats SA General Household Survey 2023 (P0318), published 24 May 2024","kzn1.pdf / kzn2.pdf (GHS 2023 P0318 report, identical uploads)"
KwaZulu-Natal,main_water_source,Spring unprotected,0.8,0.6,2023,"Table 9.1 (by province, thousands of households)",127,KZN: 25 thousand households of 3292 thousand total; computed as a share of provincial households.,"Stats SA General Household Survey 2023 (P0318), published 24 May 2024","kzn1.pdf / kzn2.pdf (GHS 2023 P0318 report, identical uploads)"
KwaZulu-Natal,main_water_source,Other,0.9,0.7,2023,"Table 9.1 (by province, thousands of households)",127,KZN: 28 thousand households of 3292 thousand total; computed as a share of provincial households.,"Stats SA General Household Survey 2023 (P0318), published 24 May 2024","kzn1.pdf / kzn2.pdf (GHS 2023 P0318 report, identical uploads)"
KwaZulu-Natal,improved_water_source_access,"Overall (dwelling, on-site or off-site)",81.5,87.0,2023,Figure 9.1 (narrative),29,KZN access increased 6.1 percentage points since 2002 to 81.5% in 2023 (one of the few provinces where access improved rather than declined).,"Stats SA General Household Survey 2023 (P0318), published 24 May 2024","kzn1.pdf / kzn2.pdf (GHS 2023 P0318 report, identical uploads)"
KwaZulu-Natal,water_supplied_by_local_municipality,Yes,78.1,79.8,2023,"Table 9.3 (by province, thousands of households)",129,KZN: 2570 thousand of 3292 thousand provincial households.,"Stats SA General Household Survey 2023 (P0318), published 24 May 2024","kzn1.pdf / kzn2.pdf (GHS 2023 P0318 report, identical uploads)"
KwaZulu-Natal,water_supplied_by_local_municipality,No,21.1,19.4,2023,"Table 9.3 (by province, thousands of households)",129,KZN: 694 thousand of 3292 thousand provincial households.,"Stats SA General Household Survey 2023 (P0318), published 24 May 2024","kzn1.pdf / kzn2.pdf (GHS 2023 P0318 report, identical uploads)"
KwaZulu-Natal,water_supplied_by_local_municipality,Do not know,0.8,0.8,2023,"Table 9.3 (by province, thousands of households)",129,KZN: 27 thousand of 3292 thousand provincial households.,"Stats SA General Household Survey 2023 (P0318), published 24 May 2024","kzn1.pdf / kzn2.pdf (GHS 2023 P0318 report, identical uploads)"
KwaZulu-Natal,fetch_time_under_30min,Households without water in dwelling/yard,63.7,74.8,2023,Figure 9.4 (narrative),33,"Among households without water in the dwelling or yard, share taking under 30 minutes to fetch water. KZN was, with Limpopo (64.4%), the lowest of any province.","Stats SA General Household Survey 2023 (P0318), published 24 May 2024","kzn1.pdf / kzn2.pdf (GHS 2023 P0318 report, identical uploads)"
KwaZulu-Natal,water_supply_interruption_2days_plus,Overall,43.6,35.8,2023,Figure 9.5,34,KZN had the 7th-highest interruption rate of the 9 provinces (chart-read value; not individually named in the surrounding narrative text).,"Stats SA General Household Survey 2023 (P0318), published 24 May 2024","kzn1.pdf / kzn2.pdf (GHS 2023 P0318 report, identical uploads)"
KwaZulu-Natal,water_supply_interruption_2days_plus,eThekwini metro,33.2,22.8,2023,Figure 9.6 (narrative),34,"eThekwini (KZN's metro) had the 3rd-highest metro interruption rate, after Nelson Mandela Bay (45.1%) and Buffalo City (36.3%).","Stats SA General Household Survey 2023 (P0318), published 24 May 2024","kzn1.pdf / kzn2.pdf (GHS 2023 P0318 report, identical uploads)"
KwaZulu-Natal,alternative_source_during_interruption,Borehole,1.5,2.6,2023,Table 9.2 (by province),35,Among households that experienced a water interruption of 2+ days; KZN had the highest reliance on rivers/streams (11.1%) of any province.,"Stats SA General Household Survey 2023 (P0318), published 24 May 2024","kzn1.pdf / kzn2.pdf (GHS 2023 P0318 report, identical uploads)"
KwaZulu-Natal,alternative_source_during_interruption,Spring,0.9,1.3,2023,Table 9.2 (by province),35,Among households that experienced a water interruption of 2+ days; KZN had the highest reliance on rivers/streams (11.1%) of any province.,"Stats SA General Household Survey 2023 (P0318), published 24 May 2024","kzn1.pdf / kzn2.pdf (GHS 2023 P0318 report, identical uploads)"
KwaZulu-Natal,alternative_source_during_interruption,Well,0.3,0.6,2023,Table 9.2 (by province),35,Among households that experienced a water interruption of 2+ days; KZN had the highest reliance on rivers/streams (11.1%) of any province.,"Stats SA General Household Survey 2023 (P0318), published 24 May 2024","kzn1.pdf / kzn2.pdf (GHS 2023 P0318 report, identical uploads)"
KwaZulu-Natal,alternative_source_during_interruption,Rainwater tank,4.5,4.2,2023,Table 9.2 (by province),35,Among households that experienced a water interruption of 2+ days; KZN had the highest reliance on rivers/streams (11.1%) of any province.,"Stats SA General Household Survey 2023 (P0318), published 24 May 2024","kzn1.pdf / kzn2.pdf (GHS 2023 P0318 report, identical uploads)"
KwaZulu-Natal,alternative_source_during_interruption,Dam / Pool,1.5,0.6,2023,Table 9.2 (by province),35,Among households that experienced a water interruption of 2+ days; KZN had the highest reliance on rivers/streams (11.1%) of any province.,"Stats SA General Household Survey 2023 (P0318), published 24 May 2024","kzn1.pdf / kzn2.pdf (GHS 2023 P0318 report, identical uploads)"
KwaZulu-Natal,alternative_source_during_interruption,River/Stream,11.1,3.7,2023,Table 9.2 (by province),35,Among households that experienced a water interruption of 2+ days; KZN had the highest reliance on rivers/streams (11.1%) of any province.,"Stats SA General Household Survey 2023 (P0318), published 24 May 2024","kzn1.pdf / kzn2.pdf (GHS 2023 P0318 report, identical uploads)"
KwaZulu-Natal,alternative_source_during_interruption,Bottled water,0.6,4.5,2023,Table 9.2 (by province),35,Among households that experienced a water interruption of 2+ days; KZN had the highest reliance on rivers/streams (11.1%) of any province.,"Stats SA General Household Survey 2023 (P0318), published 24 May 2024","kzn1.pdf / kzn2.pdf (GHS 2023 P0318 report, identical uploads)"
KwaZulu-Natal,alternative_source_during_interruption,Water vendor,1.6,7.2,2023,Table 9.2 (by province),35,Among households that experienced a water interruption of 2+ days; KZN had the highest reliance on rivers/streams (11.1%) of any province.,"Stats SA General Household Survey 2023 (P0318), published 24 May 2024","kzn1.pdf / kzn2.pdf (GHS 2023 P0318 report, identical uploads)"
KwaZulu-Natal,alternative_source_during_interruption,Water tanker,28.0,20.1,2023,Table 9.2 (by province),35,Among households that experienced a water interruption of 2+ days; KZN had the highest reliance on rivers/streams (11.1%) of any province.,"Stats SA General Household Survey 2023 (P0318), published 24 May 2024","kzn1.pdf / kzn2.pdf (GHS 2023 P0318 report, identical uploads)"
KwaZulu-Natal,alternative_source_during_interruption,Stored water,35.5,39.3,2023,Table 9.2 (by province),35,Among households that experienced a water interruption of 2+ days; KZN had the highest reliance on rivers/streams (11.1%) of any province.,"Stats SA General Household Survey 2023 (P0318), published 24 May 2024","kzn1.pdf / kzn2.pdf (GHS 2023 P0318 report, identical uploads)"
KwaZulu-Natal,alternative_source_during_interruption,None,6.8,7.7,2023,Table 9.2 (by province),35,Among households that experienced a water interruption of 2+ days; KZN had the highest reliance on rivers/streams (11.1%) of any province.,"Stats SA General Household Survey 2023 (P0318), published 24 May 2024","kzn1.pdf / kzn2.pdf (GHS 2023 P0318 report, identical uploads)"
KwaZulu-Natal,alternative_source_during_interruption,Other,7.7,8.0,2023,Table 9.2 (by province),35,Among households that experienced a water interruption of 2+ days; KZN had the highest reliance on rivers/streams (11.1%) of any province.,"Stats SA General Household Survey 2023 (P0318), published 24 May 2024","kzn1.pdf / kzn2.pdf (GHS 2023 P0318 report, identical uploads)"
KwaZulu-Natal,bottled_water_consumption_frequency,Every day,9.5,10.2,2023,Figure 9.7,35,Household frequency of drinking bottled water at home (data labels printed on the published chart).,"Stats SA General Household Survey 2023 (P0318), published 24 May 2024","kzn1.pdf / kzn2.pdf (GHS 2023 P0318 report, identical uploads)"
KwaZulu-Natal,bottled_water_consumption_frequency,Often,6.2,8.4,2023,Figure 9.7,35,Household frequency of drinking bottled water at home (data labels printed on the published chart).,"Stats SA General Household Survey 2023 (P0318), published 24 May 2024","kzn1.pdf / kzn2.pdf (GHS 2023 P0318 report, identical uploads)"
KwaZulu-Natal,bottled_water_consumption_frequency,Sometimes,36.7,34.6,2023,Figure 9.7,35,Household frequency of drinking bottled water at home (data labels printed on the published chart).,"Stats SA General Household Survey 2023 (P0318), published 24 May 2024","kzn1.pdf / kzn2.pdf (GHS 2023 P0318 report, identical uploads)"
KwaZulu-Natal,bottled_water_consumption_frequency,Never,47.6,46.8,2023,Figure 9.7,35,Household frequency of drinking bottled water at home (data labels printed on the published chart).,"Stats SA General Household Survey 2023 (P0318), published 24 May 2024","kzn1.pdf / kzn2.pdf (GHS 2023 P0318 report, identical uploads)"
