municipality,household,homeless,transient,institution,urban_area,tribal_or_traditional_area,farm_area,male,population
Umdoni Local Municipality,99,1,262,39850.27142586097,104607.2186177397,11985.390217549902,74391.52150339381,82051.35875776583,156442.8802611416
Umzumbe Local Municipality,56,4,125,0.0,139029.36387646638,15.442093500000002,65512.79220890818,73532.013761062,139044.8059699663
UMuziwabantu Local Municipality,54,3,183,12871.211719329976,100534.2224893799,2374.09130268,54516.21065913827,61263.31485225239,115779.52551139316
Ray Nkonyeni Local Municipality,204,1,998,97837.43040253525,254636.9311737708,9660.081032619968,171980.17461575233,190154.2679931587,362134.4426089752
uMshwathi Local Municipality,10,1,605,15332.360949009892,72093.56327771148,31051.90850312021,55836.57193605163,62641.26079379732,118477.83272986033
uMngeni Local Municipality,59,0,655,86250.14332081159,11491.315629379887,7327.136683379969,50012.08522692855,55056.51040663402,105068.59563358407
Mpofana Local Municipality,0,0,124,23992.012777839653,401.2824015800017,8989.06908119002,15763.96076390996,17618.403496700073,33382.36426061015
Impendle Local Municipality,0,0,45,1593.8033533200078,31352.482493539694,3701.438008449988,17421.837448470225,19225.886406839705,36647.72385531167
The Msunduzi Local Municipality,431,3,5587,616742.6891735981,188013.76671786336,12968.623513279968,390308.4841134411,427416.5952912772,817725.0794047411
Mkhambathini Local Municipality,2,0,384,2592.543286570032,48374.54515160059,10693.15670212998,29228.53229985996,32431.71284043954,61660.24514030446
Richmond Local Municipality,15,0,1899,21065.5234562694,34717.1146250902,6971.018023140012,30440.24629880041,32313.40980569984,62753.656104501104
Okhahlamba Local Municipality,17,1,1051,9711.79825043011,107360.80277033195,26059.87610268024,66226.80945755914,76905.66766588789,143132.47712344155
Inkosi Langalibalele Local Municipality,63,0,1022,68272.60188082345,134436.38497461833,28214.83137864006,107711.26124451864,123212.55698957673,230923.81823407355
Alfred Duma Local Municipality,97,17,2007,176625.7219242323,222148.17800226703,16261.622581299898,193712.65780254893,221322.8647052775,415035.5225078197
Endumeni Local Municipality,20,3,1138,81923.14802050134,3471.4044620999784,14690.781474169857,48390.79166576988,51694.54229099539,100085.33395678402
Nqutu Local Municipality,13,2,340,20922.03381117884,179678.54877751213,531.9666377199997,93058.228102074,108074.32112435171,201132.54922641235
Msinga Local Municipality,1,0,224,2568.2803038500183,197072.4201081845,6360.570899770042,89746.29324352399,116254.97806829328,206001.271311802
Umvoti Local Municipality,46,1,444,29436.83481858931,68405.4747693712,44199.51594958193,63204.367681850345,78837.45785569733,142041.82553754273
Newcastle Local Municipality,174,3,2603,339403.2923009517,153227.2841733339,15079.702936949912,243433.88290796083,264276.3965032232,507710.2794112632
Emadlangeni Local Municipality,0,0,230,10332.403968500032,4093.922612349978,22521.309360299885,18188.93741613009,18758.69852502013,36947.63594115146
Dannhauser Local Municipality,11,1,690,13574.565698149978,116829.0335896601,12346.39258988994,68838.50678425145,73911.48509345553,142749.99187769476
eDumbe Local Municipality,4,0,60,31878.24626593895,46249.26228550044,18607.74341251005,45519.46989060029,51215.782073353264,96735.251963954
UPhongolo Local Municipality,3,1,279,22112.539650588977,112261.76666650058,17166.286174689878,71269.22096095176,80271.37153083626,151540.592491773
Abaqulusi Local Municipality,34,2,860,97064.57781907923,104588.62329538092,45609.656298894464,116369.12410344434,130893.73330992168,247262.85741333276
Nongoma Local Municipality,16,4,676,11043.566087150108,214234.83687060256,0.0,102240.75706304358,123037.64589472036,225278.4029577534
Ulundi Local Municipality,17,2,1189,33910.49453705856,185996.88209229408,2069.7232780100067,101394.36660121466,120582.73330616084,221977.09990736123
Umhlabuyalingana Local Municipality,12,2,134,1103.1174600000002,147667.52435180524,42889.072424572514,88752.61724415598,102907.0969922386,191659.7142363673
Jozini Local Municipality,24,0,347,7834.67442093013,191271.6984872041,46.57533834,93016.11235044242,106136.83589604024,199152.94824647388
Mtubatuba Local Municipality,153,1,554,20829.38841035928,193075.96279562375,1963.862655580009,100941.3955130652,114927.8183485117,215869.21386156185
Big Five Hlabisa Local Municipality,23,2,682,6101.516348840089,122504.73558843984,3148.4228257600234,60993.20714583772,70761.46761720304,131754.67476304286
Mfolozi Local Municipality,0,3,179,3244.9967295100155,155047.48797082517,1375.470647690001,76885.81656265157,82782.138785383,159667.95534802426
uMhlathuze Local Municipality,206,3,1014,144215.11955920473,264157.71158143505,3702.1366756799994,199906.95697422477,212168.01084210505,412074.9678163402
uMlalazi Local Municipality,5,1,909,23102.62998766995,214824.1330728936,3489.317966910005,111527.6161067269,129888.46492076296,241416.0810274717
Mthonjaneni Local Municipality,5,0,84,11073.074721060057,83466.92208903028,4748.75309393002,45472.285730059455,53816.4641739623,99288.7499040245
Nkandla Local Municipality,4,0,872,1963.8579700600144,106931.9353117302,0.0,49517.11071832882,59378.6825634611,108895.79328179012
Mandeni Local Municipality,80,2,364,37226.07493768983,136423.06859280518,7290.347344490045,85890.54576841397,95048.94510658285,180939.49087498477
KwaDukuza Local Municipality,27,0,583,281375.7280020959,33652.2067019204,9883.71881214,156626.94622014655,168284.70729598968,324911.653516167
Ndwedwe Local Municipality,2,4,115,2505.76102576002,160407.53081759447,2913.008715050002,78517.73431297248,87308.5662454439,165826.30055840104
Maphumulo Local Municipality,4,0,412,0.0,110983.36520852026,0.0,50164.52620370865,60818.83900481156,110983.36520852026
Greater Kokstad Local Municipality,63,2,335,71774.59280065577,16.4244317,9885.10166264993,39048.18203276982,42627.93686223285,81676.11889501508
Ubuhlebezwe Local Municipality,34,0,1146,14930.238107279847,109688.61242554002,8413.030356300038,62617.52757194874,70414.35331717417,133031.88088912296
Umzimkhulu Local Municipality,27,1,1223,22365.836133568875,164358.37469545033,33895.48859717087,101416.33353966312,119203.3658865638,220619.69942617483
Dr Nkosazana Dlamini Zuma Local Municipality,42,3,937,10012.952651200036,103321.6045337598,15230.840926049834,60873.1711380788,67692.22697293482,128565.39811102043
Ethekwini Metropolitan Municipality,5611,19,103101,3534197.439377465,686508.0393764396,19195.116724630065,2072331.4596615676,2167569.135817591,4239900.595478572
